doc_id,baseline_x,baseline_y,run_x,run_y,displacement
doc_0000,13.534029,11.8821125,13.534029,11.8821125,0.0
doc_0001,8.450104,13.81756,8.450104,13.81756,0.0
doc_0002,12.566357,14.168791,12.566357,14.168791,0.0
doc_0003,12.344942,13.0513315,12.344942,13.0513315,0.0
doc_0004,10.470373,12.657184,10.470373,12.657184,0.0
doc_0005,12.430322,12.559891,12.430322,12.559891,0.0
doc_0006,12.34979,12.371907,12.34979,12.371907,0.0
doc_0007,13.224437,15.6371155,13.224437,15.6371155,0.0
doc_0008,8.642627,15.092008,8.642627,15.092008,0.0
doc_0009,10.851806,8.95197,10.851806,8.95197,0.0
doc_0010,12.692984,9.380802,12.692984,9.380802,0.0
doc_0011,11.107769,8.913134,11.107769,8.913134,0.0
doc_0012,11.998389,12.368772,11.998389,12.368772,0.0
doc_0013,14.008674,10.934197,14.008674,10.934197,0.0
doc_0014,12.340753,11.818116,12.340753,11.818116,0.0
doc_0015,12.524098,9.728571,12.524098,9.728571,0.0
doc_0016,10.260905,13.71489,10.260905,13.71489,0.0
doc_0017,12.309244,12.529582,12.309244,12.529582,0.0
doc_0018,9.686213,13.70926,9.686213,13.70926,0.0
doc_0019,10.593004,12.122341,10.593004,12.122341,0.0
doc_0020,10.500133,11.437543,10.500133,11.437543,0.0
doc_0021,8.592728,12.504304,8.592728,12.504304,0.0
doc_0022,7.8441863,10.660816,7.8441863,10.660816,0.0
doc_0023,11.399739,10.036429,11.399739,10.036429,0.0
doc_0024,12.784344,11.042875,12.784344,11.042875,0.0
doc_0025,14.146618,11.3044815,14.146618,11.3044815,0.0
doc_0026,13.302011,11.27353,13.302011,11.27353,0.0
doc_0027,8.176055,13.782903,8.176055,13.782903,0.0
doc_0028,12.536248,11.276589,12.536248,11.276589,0.0
doc_0029,10.542472,11.477816,10.542472,11.477816,0.0
doc_0030,10.86758,14.43094,10.86758,14.43094,0.0
doc_0031,12.794361,11.167025,12.794361,11.167025,0.0
doc_0032,12.449038,11.890441,12.449038,11.890441,0.0
doc_0033,9.322442,15.720792,9.322442,15.720792,0.0
doc_0034,11.781235,10.0182905,11.781235,10.0182905,0.0
doc_0035,15.166575,12.159748,15.166575,12.159748,0.0
doc_0036,13.793076,13.577548,13.793076,13.577548,0.0
doc_0037,15.083526,13.796495,15.083526,13.796495,0.0
doc_0038,12.118245,13.394842,12.118245,13.394842,0.0
doc_0039,11.638378,13.308206,11.638378,13.308206,0.0
doc_0040,12.3853445,14.532227,12.3853445,14.532227,0.0
doc_0041,9.976574,12.618854,9.976574,12.618854,0.0
doc_0042,11.095385,12.210451,11.095385,12.210451,0.0
doc_0043,10.54838,11.859241,10.54838,11.859241,0.0
doc_0044,9.138447,10.383617,9.138447,10.383617,0.0
doc_0045,9.768538,10.220744,9.768538,10.220744,0.0
doc_0046,8.379353,11.0578375,8.379353,11.0578375,0.0
doc_0047,10.718453,9.233833,10.718453,9.233833,0.0
doc_0048,8.980114,11.731206,8.980114,11.731206,0.0
doc_0049,14.134539,11.376806,14.134539,11.376806,0.0
doc_0050,14.348917,12.4535,14.348917,12.4535,0.0
doc_0051,12.233125,12.578342,12.233125,12.578342,0.0
doc_0052,8.135556,13.792926,8.135556,13.792926,0.0
doc_0053,11.995827,12.718788,11.995827,12.718788,0.0
doc_0054,14.04958,11.442527,14.04958,11.442527,0.0
doc_0055,14.2511215,11.799548,14.2511215,11.799548,0.0
doc_0056,11.570006,11.704528,11.570006,11.704528,0.0
doc_0057,10.285005,13.964941,10.285005,13.964941,0.0
doc_0058,8.640719,15.107827,8.640719,15.107827,0.0
doc_0059,12.098087,12.960399,12.098087,12.960399,0.0
doc_0060,11.52776,15.31049,11.52776,15.31049,0.0
doc_0061,11.5216,12.18273,11.5216,12.18273,0.0
doc_0062,15.032589,10.006232,15.032589,10.006232,0.0
doc_0063,13.662404,13.454722,13.662404,13.454722,0.0
doc_0064,9.289502,15.740622,9.289502,15.740622,0.0
doc_0065,9.206658,15.689041,9.206658,15.689041,0.0
doc_0066,11.197115,12.115636,11.197115,12.115636,0.0
doc_0067,13.186662,11.850349,13.186662,11.850349,0.0
doc_0068,9.640291,13.796784,9.640291,13.796784,0.0
doc_0069,13.030017,11.82927,13.030017,11.82927,0.0
doc_0070,13.515457,12.510788,13.515457,12.510788,0.0
doc_0071,11.552682,15.465199,11.552682,15.465199,0.0
doc_0072,12.432345,14.139658,12.432345,14.139658,0.0
doc_0073,11.269778,11.909705,11.269778,11.909705,0.0
doc_0074,11.393663,10.379617,11.393663,10.379617,0.0
doc_0075,11.606114,13.31605,11.606114,13.31605,0.0
doc_0076,10.527222,11.393573,10.527222,11.393573,0.0
doc_0077,11.533579,15.577748,11.533579,15.577748,0.0
doc_0078,12.148633,9.479403,12.148633,9.479403,0.0
doc_0079,10.0668545,15.055308,10.0668545,15.055308,0.0
doc_0080,11.449946,13.086729,11.449946,13.086729,0.0
doc_0081,9.2474375,15.773637,9.2474375,15.773637,0.0
doc_0082,11.424654,15.583723,11.424654,15.583723,0.0
doc_0083,11.39673,11.847625,11.39673,11.847625,0.0
doc_0084,11.844044,12.5018635,11.844044,12.5018635,0.0
doc_0085,8.551637,15.317941,8.551637,15.317941,0.0
doc_0086,8.650243,15.108415,8.650243,15.108415,0.0
doc_0087,9.76503,13.653116,9.76503,13.653116,0.0
doc_0088,15.065396,10.13387,15.065396,10.13387,0.0
doc_0089,15.114337,13.821455,15.114337,13.821455,0.0
doc_0090,11.154688,11.447998,11.154688,11.447998,0.0
doc_0091,11.865053,12.6740675,11.865053,12.6740675,0.0
doc_0092,4.7280154,13.56351,4.7280154,13.56351,0.0
doc_0093,15.10407,13.788334,15.10407,13.788334,0.0
doc_0094,12.644957,13.46937,12.644957,13.46937,0.0
doc_0095,9.7726755,15.451936,9.7726755,15.451936,0.0
doc_0096,14.964083,10.170731,14.964083,10.170731,0.0
doc_0097,11.985912,13.126385,11.985912,13.126385,0.0
doc_0098,12.3684,14.445771,12.3684,14.445771,0.0
doc_0099,14.351005,12.407185,14.351005,12.407185,0.0
doc_0100,12.3836565,14.251161,12.3836565,14.251161,0.0
doc_0101,13.349817,10.719851,13.349817,10.719851,0.0
doc_0102,11.792688,12.495675,11.792688,12.495675,0.0
doc_0103,10.333057,13.420195,10.333057,13.420195,0.0
doc_0104,12.65817,12.25829,12.65817,12.25829,0.0
doc_0105,9.884872,14.17696,9.884872,14.17696,0.0
doc_0106,10.484311,12.676847,10.484311,12.676847,0.0
doc_0107,10.231425,11.165776,10.231425,11.165776,0.0
doc_0108,11.41417,15.502492,11.41417,15.502492,0.0
doc_0109,11.495792,15.564664,11.495792,15.564664,0.0
doc_0110,10.4215,13.292541,10.4215,13.292541,0.0
doc_0111,9.570257,15.469639,9.570257,15.469639,0.0
doc_0112,11.550822,14.384219,11.550822,14.384219,0.0
doc_0113,12.041176,13.587834,12.041176,13.587834,0.0
doc_0114,11.777989,9.6942835,11.777989,9.6942835,0.0
doc_0115,11.860093,9.620141,11.860093,9.620141,0.0
doc_0116,12.357996,8.539991,12.357996,8.539991,0.0
doc_0117,12.213657,14.17581,12.213657,14.17581,0.0
doc_0118,13.007144,11.86668,13.007144,11.86668,0.0
doc_0119,11.795359,14.411102,11.795359,14.411102,0.0
doc_0120,15.110532,13.779574,15.110532,13.779574,0.0
doc_0121,10.577925,14.805491,10.577925,14.805491,0.0
doc_0122,10.09191,12.677117,10.09191,12.677117,0.0
doc_0123,12.155518,13.230847,12.155518,13.230847,0.0
doc_0124,10.825638,11.295878,10.825638,11.295878,0.0
doc_0125,13.501796,14.17469,13.501796,14.17469,0.0
doc_0126,8.187362,13.765113,8.187362,13.765113,0.0
doc_0127,12.687288,8.857867,12.687288,8.857867,0.0
doc_0128,13.933646,12.54718,13.933646,12.54718,0.0
doc_0129,8.908731,11.67569,8.908731,11.67569,0.0
doc_0130,13.590389,13.432242,13.590389,13.432242,0.0
doc_0131,13.62642,13.390077,13.62642,13.390077,0.0
doc_0132,10.00018,14.203838,10.00018,14.203838,0.0
doc_0133,9.525272,11.804228,9.525272,11.804228,0.0
doc_0134,12.6860285,13.346313,12.6860285,13.346313,0.0
doc_0135,11.391156,13.977601,11.391156,13.977601,0.0
doc_0136,12.501795,15.123036,12.501795,15.123036,0.0
doc_0137,12.8873205,14.028771,12.8873205,14.028771,0.0
doc_0138,12.647834,11.243237,12.647834,11.243237,0.0
doc_0139,12.134489,12.804294,12.134489,12.804294,0.0
doc_0140,12.063645,11.177155,12.063645,11.177155,0.0
doc_0141,11.2061615,11.299763,11.2061615,11.299763,0.0
doc_0142,10.410156,14.171111,10.410156,14.171111,0.0
doc_0143,8.703614,12.456125,8.703614,12.456125,0.0
doc_0144,8.520662,10.977404,8.520662,10.977404,0.0
doc_0145,9.369613,11.684166,9.369613,11.684166,0.0
doc_0146,9.1665125,13.464736,9.1665125,13.464736,0.0
doc_0147,13.221921,11.444815,13.221921,11.444815,0.0
doc_0148,12.800767,11.03953,12.800767,11.03953,0.0
doc_0149,12.898026,15.623353,12.898026,15.623353,0.0
doc_0150,9.53765,13.948039,9.53765,13.948039,0.0
doc_0151,12.83171,8.996358,12.83171,8.996358,0.0
doc_0152,13.221666,13.258594,13.221666,13.258594,0.0
doc_0153,14.34869,12.430421,14.34869,12.430421,0.0
doc_0154,11.675672,12.2181635,11.675672,12.2181635,0.0
doc_0155,13.323326,11.837635,13.323326,11.837635,0.0
doc_0156,13.248087,12.479301,13.248087,12.479301,0.0
doc_0157,13.56772,11.800365,13.56772,11.800365,0.0
doc_0158,12.086796,12.48896,12.086796,12.48896,0.0
doc_0159,12.51805,15.069189,12.51805,15.069189,0.0
doc_0160,12.883252,14.650225,12.883252,14.650225,0.0
doc_0161,14.055545,12.603751,14.055545,12.603751,0.0
doc_0162,11.549634,12.793731,11.549634,12.793731,0.0
doc_0163,12.675476,9.369044,12.675476,9.369044,0.0
doc_0164,13.109888,14.625275,13.109888,14.625275,0.0
doc_0165,12.59656,13.136875,12.59656,13.136875,0.0
doc_0166,12.6062355,12.761915,12.6062355,12.761915,0.0
doc_0167,13.350555,14.270359,13.350555,14.270359,0.0
doc_0168,10.385746,14.218465,10.385746,14.218465,0.0
doc_0169,9.399792,13.944316,9.399792,13.944316,0.0
doc_0170,14.114683,11.0771675,14.114683,11.0771675,0.0
doc_0171,4.712068,13.581477,4.712068,13.581477,0.0
doc_0172,12.912474,12.378166,12.912474,12.378166,0.0
doc_0173,13.620759,11.863567,13.620759,11.863567,0.0
doc_0174,9.565517,11.782598,9.565517,11.782598,0.0
doc_0175,13.211971,14.204174,13.211971,14.204174,0.0
doc_0176,15.140131,14.18567,15.140131,14.18567,0.0
doc_0177,12.5247555,15.0302515,12.5247555,15.0302515,0.0
doc_0178,10.966517,13.75843,10.966517,13.75843,0.0
doc_0179,10.865789,13.231105,10.865789,13.231105,0.0
doc_0180,9.12643,13.483332,9.12643,13.483332,0.0
doc_0181,10.004125,12.900103,10.004125,12.900103,0.0
doc_0182,9.528761,11.717926,9.528761,11.717926,0.0
doc_0183,11.4751625,14.224051,11.4751625,14.224051,0.0
doc_0184,12.652235,12.20023,12.652235,12.20023,0.0
doc_0185,9.666746,10.901155,9.666746,10.901155,0.0
doc_0186,9.570248,13.690518,9.570248,13.690518,0.0
doc_0187,10.976966,12.510082,10.976966,12.510082,0.0
doc_0188,11.597129,11.84509,11.597129,11.84509,0.0
doc_0189,11.433228,12.858888,11.433228,12.858888,0.0
doc_0190,9.364411,9.459186,9.364411,9.459186,0.0
doc_0191,7.815525,10.625528,7.815525,10.625528,0.0
doc_0192,12.588331,9.56433,12.588331,9.56433,0.0
doc_0193,9.70693,11.657037,9.70693,11.657037,0.0
doc_0194,12.520138,15.173642,12.520138,15.173642,0.0
doc_0195,10.233101,12.3456955,10.233101,12.3456955,0.0
doc_0196,12.651615,12.209483,12.651615,12.209483,0.0
doc_0197,12.427427,8.650077,12.427427,8.650077,0.0
doc_0198,10.461979,13.184215,10.461979,13.184215,0.0
doc_0199,10.7144165,11.468472,10.7144165,11.468472,0.0
doc_0200,10.465125,11.866759,10.465125,11.866759,0.0
doc_0201,10.523906,11.721059,10.523906,11.721059,0.0
doc_0202,4.6587744,13.6292305,4.6587744,13.6292305,0.0
doc_0203,10.605352,13.346246,10.605352,13.346246,0.0
doc_0204,13.5599575,13.3897505,13.5599575,13.3897505,0.0
doc_0205,10.168937,13.515121,10.168937,13.515121,0.0
doc_0206,10.393916,12.140908,10.393916,12.140908,0.0
doc_0207,15.114402,10.044001,15.114402,10.044001,0.0
doc_0208,11.856563,12.598491,11.856563,12.598491,0.0
doc_0209,9.479498,9.581835,9.479498,9.581835,0.0
doc_0210,12.653913,11.312949,12.653913,11.312949,0.0
doc_0211,14.929712,13.74765,14.929712,13.74765,0.0
doc_0212,13.77896,13.616197,13.77896,13.616197,0.0
doc_0213,9.9818125,13.445691,9.9818125,13.445691,0.0
doc_0214,9.708027,13.673819,9.708027,13.673819,0.0
doc_0215,10.898845,8.980568,10.898845,8.980568,0.0
doc_0216,11.544838,14.126675,11.544838,14.126675,0.0
doc_0217,9.3098345,13.640121,9.3098345,13.640121,0.0
doc_0218,11.219713,13.560379,11.219713,13.560379,0.0
doc_0219,12.699879,12.745036,12.699879,12.745036,0.0
doc_0220,9.405437,11.727374,9.405437,11.727374,0.0
doc_0221,11.562999,11.659425,11.562999,11.659425,0.0
doc_0222,8.928666,11.839215,8.928666,11.839215,0.0
doc_0223,15.04102,10.074361,15.04102,10.074361,0.0
doc_0224,9.661758,13.965245,9.661758,13.965245,0.0
doc_0225,10.074878,13.215977,10.074878,13.215977,0.0
doc_0226,11.450819,14.370919,11.450819,14.370919,0.0
doc_0227,10.35398,14.111095,10.35398,14.111095,0.0
doc_0228,11.233891,14.269686,11.233891,14.269686,0.0
doc_0229,10.655504,14.879588,10.655504,14.879588,0.0
doc_0230,9.407869,13.2719145,9.407869,13.2719145,0.0
doc_0231,14.204185,13.640372,14.204185,13.640372,0.0
doc_0232,12.577261,15.440522,12.577261,15.440522,0.0
doc_0233,13.810279,10.944882,13.810279,10.944882,0.0
doc_0234,11.558302,14.484741,11.558302,14.484741,0.0
doc_0235,11.184419,14.67318,11.184419,14.67318,0.0
doc_0236,11.924409,14.627016,11.924409,14.627016,0.0
doc_0237,10.749436,15.010982,10.749436,15.010982,0.0
doc_0238,10.630956,14.956623,10.630956,14.956623,0.0
doc_0239,10.743539,14.871004,10.743539,14.871004,0.0
doc_0240,10.828438,14.908146,10.828438,14.908146,0.0
doc_0241,10.756834,14.995986,10.756834,14.995986,0.0
doc_0242,10.7697525,14.893749,10.7697525,14.893749,0.0
doc_0243,10.676783,14.86658,10.676783,14.86658,0.0
doc_0244,10.627911,14.815928,10.627911,14.815928,0.0
doc_0245,8.563784,15.372627,8.563784,15.372627,0.0
doc_0246,8.5632515,15.237424,8.5632515,15.237424,0.0
doc_0247,11.169999,11.718802,11.169999,11.718802,0.0
doc_0248,10.277543,12.363113,10.277543,12.363113,0.0
doc_0249,10.180952,12.101439,10.180952,12.101439,0.0
doc_0250,8.734314,15.554497,8.734314,15.554497,0.0
doc_0251,9.353194,15.655094,9.353194,15.655094,0.0
doc_0252,9.139462,13.527437,9.139462,13.527437,0.0
doc_0253,8.583612,15.190089,8.583612,15.190089,0.0
doc_0254,8.552558,15.310752,8.552558,15.310752,0.0
doc_0255,8.64921,14.938197,8.64921,14.938197,0.0
doc_0256,8.528935,15.331938,8.528935,15.331938,0.0
doc_0257,8.892902,15.670516,8.892902,15.670516,0.0
doc_0258,8.542744,15.2005825,8.542744,15.2005825,0.0
doc_0259,8.732307,15.591384,8.732307,15.591384,0.0
doc_0260,10.310812,12.744801,10.310812,12.744801,0.0
doc_0261,8.758127,15.542475,8.758127,15.542475,0.0
doc_0262,12.537797,8.568691,12.537797,8.568691,0.0
doc_0263,10.357861,11.885282,10.357861,11.885282,0.0
doc_0264,10.362399,12.283417,10.362399,12.283417,0.0
doc_0265,8.53023,15.303556,8.53023,15.303556,0.0
doc_0266,11.501871,12.551646,11.501871,12.551646,0.0
doc_0267,8.657122,15.511989,8.657122,15.511989,0.0
doc_0268,9.226643,15.706321,9.226643,15.706321,0.0
doc_0269,9.348175,12.514325,9.348175,12.514325,0.0
doc_0270,10.259499,14.201112,10.259499,14.201112,0.0
doc_0271,12.42892,8.805102,12.42892,8.805102,0.0
doc_0272,12.157213,11.788284,12.157213,11.788284,0.0
doc_0273,13.159144,12.74384,13.159144,12.74384,0.0
doc_0274,10.466349,11.180478,10.466349,11.180478,0.0
doc_0275,12.498639,8.5664215,12.498639,8.5664215,0.0
doc_0276,9.253247,13.375825,9.253247,13.375825,0.0
doc_0277,10.9859915,8.899528,10.9859915,8.899528,0.0
doc_0278,14.232879,11.495776,14.232879,11.495776,0.0
doc_0279,13.77408,13.687282,13.77408,13.687282,0.0
doc_0280,9.444502,14.022306,9.444502,14.022306,0.0
doc_0281,13.843524,10.874817,13.843524,10.874817,0.0
doc_0282,4.7078223,13.586055,4.7078223,13.586055,0.0
doc_0283,13.559027,11.797521,13.559027,11.797521,0.0
doc_0284,10.253454,12.837682,10.253454,12.837682,0.0
doc_0285,12.522231,12.114025,12.522231,12.114025,0.0
doc_0286,9.283769,13.3793545,9.283769,13.3793545,0.0
doc_0287,9.216339,13.526681,9.216339,13.526681,0.0
doc_0288,12.294902,8.592864,12.294902,8.592864,0.0
doc_0289,12.9282465,10.695894,12.9282465,10.695894,0.0
doc_0290,10.363339,12.663474,10.363339,12.663474,0.0
doc_0291,11.765312,12.390806,11.765312,12.390806,0.0
doc_0292,11.3139,10.027118,11.3139,10.027118,0.0
doc_0293,13.883497,12.597907,13.883497,12.597907,0.0
doc_0294,12.075724,11.47693,12.075724,11.47693,0.0
doc_0295,13.820324,11.11824,13.820324,11.11824,0.0
doc_0296,11.786154,12.392552,11.786154,12.392552,0.0
doc_0297,10.709759,12.861,10.709759,12.861,0.0
doc_0298,12.570736,15.446152,12.570736,15.446152,0.0
doc_0299,12.49143,9.353036,12.49143,9.353036,0.0
doc_0300,12.418524,8.635326,12.418524,8.635326,0.0
doc_0301,12.550571,8.8344555,12.550571,8.8344555,0.0
doc_0302,12.394413,9.438197,12.394413,9.438197,0.0
doc_0303,12.2768135,8.591704,12.2768135,8.591704,0.0
doc_0304,12.781229,9.123695,12.781229,9.123695,0.0
doc_0305,14.238071,11.520507,14.238071,11.520507,0.0
doc_0306,14.239797,11.567482,14.239797,11.567482,0.0
doc_0307,13.650719,13.327582,13.650719,13.327582,0.0
doc_0308,10.263797,14.159537,10.263797,14.159537,0.0
doc_0309,14.212482,11.531945,14.212482,11.531945,0.0
doc_0310,15.061606,10.127324,15.061606,10.127324,0.0
doc_0311,12.22083,12.92882,12.22083,12.92882,0.0
doc_0312,12.025327,11.528014,12.025327,11.528014,0.0
doc_0313,13.746465,13.456999,13.746465,13.456999,0.0
doc_0314,12.486445,9.803084,12.486445,9.803084,0.0
doc_0315,12.16505,8.785277,12.16505,8.785277,0.0
doc_0316,13.266697,15.681972,13.266697,15.681972,0.0
doc_0317,11.820183,13.175036,11.820183,13.175036,0.0
doc_0318,12.974309,12.047769,12.974309,12.047769,0.0
doc_0319,12.171557,11.821856,12.171557,11.821856,0.0
doc_0320,11.431363,13.977868,11.431363,13.977868,0.0
doc_0321,14.21829,12.525525,14.21829,12.525525,0.0
doc_0322,12.542184,11.736766,12.542184,11.736766,0.0
doc_0323,10.132888,12.834211,10.132888,12.834211,0.0
doc_0324,12.681647,9.104181,12.681647,9.104181,0.0
doc_0325,12.688877,10.599188,12.688877,10.599188,0.0
doc_0326,13.583708,14.135795,13.583708,14.135795,0.0
doc_0327,13.336067,14.15907,13.336067,14.15907,0.0
doc_0328,12.462017,13.098954,12.462017,13.098954,0.0
doc_0329,13.385114,14.361363,13.385114,14.361363,0.0
doc_0330,12.581739,13.668068,12.581739,13.668068,0.0
doc_0331,12.653655,13.032088,12.653655,13.032088,0.0
doc_0332,13.22789,13.347806,13.22789,13.347806,0.0
doc_0333,12.691393,13.21775,12.691393,13.21775,0.0
doc_0334,13.462962,14.257051,13.462962,14.257051,0.0
doc_0335,15.200076,13.975405,15.200076,13.975405,0.0
doc_0336,12.968077,13.08239,12.968077,13.08239,0.0
doc_0337,13.419689,13.196587,13.419689,13.196587,0.0
doc_0338,12.728648,12.263319,12.728648,12.263319,0.0
doc_0339,8.713925,11.066572,8.713925,11.066572,0.0
doc_0340,10.444103,14.290153,10.444103,14.290153,0.0
doc_0341,12.504488,15.308832,12.504488,15.308832,0.0
doc_0342,14.127568,11.793201,14.127568,11.793201,0.0
doc_0343,12.400849,9.534312,12.400849,9.534312,0.0
doc_0344,8.992721,13.11577,8.992721,13.11577,0.0
doc_0345,12.365988,8.521961,12.365988,8.521961,0.0
doc_0346,13.447883,10.632765,13.447883,10.632765,0.0
doc_0347,13.735029,10.667417,13.735029,10.667417,0.0
doc_0348,11.325757,15.131385,11.325757,15.131385,0.0
doc_0349,11.368623,14.362253,11.368623,14.362253,0.0
doc_0350,11.44513,11.350731,11.44513,11.350731,0.0
doc_0351,9.93673,14.016673,9.93673,14.016673,0.0
doc_0352,11.482474,15.5301895,11.482474,15.5301895,0.0
doc_0353,12.515093,11.6736965,12.515093,11.6736965,0.0
doc_0354,8.59667,11.057969,8.59667,11.057969,0.0
doc_0355,12.514779,9.5703745,12.514779,9.5703745,0.0
doc_0356,13.018946,13.517892,13.018946,13.517892,0.0
doc_0357,12.4162655,8.7891245,12.4162655,8.7891245,0.0
doc_0358,13.087487,12.285242,13.087487,12.285242,0.0
doc_0359,13.312147,15.712301,13.312147,15.712301,0.0
doc_0360,9.893745,15.291397,9.893745,15.291397,0.0
doc_0361,11.250132,14.523475,11.250132,14.523475,0.0
doc_0362,10.670217,14.9308605,10.670217,14.9308605,0.0
doc_0363,12.013398,14.707982,12.013398,14.707982,0.0
doc_0364,12.431385,13.626841,12.431385,13.626841,0.0
doc_0365,11.418813,10.026762,11.418813,10.026762,0.0
doc_0366,10.683301,13.945595,10.683301,13.945595,0.0
doc_0367,9.387143,13.380365,9.387143,13.380365,0.0
doc_0368,10.342716,14.121094,10.342716,14.121094,0.0
doc_0369,10.856337,13.799017,10.856337,13.799017,0.0
doc_0370,11.535618,13.774867,11.535618,13.774867,0.0
doc_0371,12.905175,14.226704,12.905175,14.226704,0.0
doc_0372,9.329309,13.289778,9.329309,13.289778,0.0
doc_0373,10.6862955,14.824105,10.6862955,14.824105,0.0
doc_0374,9.1545515,13.480753,9.1545515,13.480753,0.0
doc_0375,9.508157,10.638442,9.508157,10.638442,0.0
doc_0376,13.445858,14.288668,13.445858,14.288668,0.0
doc_0377,13.44172,14.309086,13.44172,14.309086,0.0
doc_0378,13.427909,13.8504925,13.427909,13.8504925,0.0
doc_0379,12.8455515,13.809914,12.8455515,13.809914,0.0
doc_0380,10.53542,13.682804,10.53542,13.682804,0.0
doc_0381,9.345667,13.22468,9.345667,13.22468,0.0
doc_0382,10.477215,13.960137,10.477215,13.960137,0.0
doc_0383,8.68289,11.027997,8.68289,11.027997,0.0
doc_0384,12.305374,8.551533,12.305374,8.551533,0.0
doc_0385,11.852616,11.537558,11.852616,11.537558,0.0
doc_0386,11.94225,14.710883,11.94225,14.710883,0.0
doc_0387,11.256617,14.657457,11.256617,14.657457,0.0
doc_0388,11.388089,14.429004,11.388089,14.429004,0.0
doc_0389,11.276342,12.712729,11.276342,12.712729,0.0
doc_0390,9.701905,12.4826145,9.701905,12.4826145,0.0
doc_0391,12.952049,14.007746,12.952049,14.007746,0.0
doc_0392,13.231407,11.61503,13.231407,11.61503,0.0
doc_0393,13.585166,12.506451,13.585166,12.506451,0.0
doc_0394,12.519631,14.04018,12.519631,14.04018,0.0
doc_0395,12.857433,13.226278,12.857433,13.226278,0.0
doc_0396,13.527651,14.35215,13.527651,14.35215,0.0
doc_0397,13.599548,13.829126,13.599548,13.829126,0.0
doc_0398,10.70786,13.892069,10.70786,13.892069,0.0
doc_0399,10.7245455,13.437502,10.7245455,13.437502,0.0
doc_0400,9.988966,12.587184,9.988966,12.587184,0.0
doc_0401,12.569426,13.18543,12.569426,13.18543,0.0
doc_0402,12.4782715,12.2505865,12.4782715,12.2505865,0.0
doc_0403,10.6658125,13.695951,10.6658125,13.695951,0.0
doc_0404,10.326105,14.030479,10.326105,14.030479,0.0
doc_0405,10.881008,13.825342,10.881008,13.825342,0.0
doc_0406,10.891238,13.60571,10.891238,13.60571,0.0
doc_0407,11.496337,11.749164,11.496337,11.749164,0.0
doc_0408,11.164939,14.135279,11.164939,14.135279,0.0
doc_0409,11.904149,13.974575,11.904149,13.974575,0.0
doc_0410,10.793106,13.850995,10.793106,13.850995,0.0
doc_0411,10.517097,13.333564,10.517097,13.333564,0.0
doc_0412,11.796077,11.320555,11.796077,11.320555,0.0
doc_0413,11.117727,14.718608,11.117727,14.718608,0.0
doc_0414,10.672288,13.681849,10.672288,13.681849,0.0
doc_0415,12.954842,12.05621,12.954842,12.05621,0.0
doc_0416,8.950629,11.795502,8.950629,11.795502,0.0
doc_0417,10.640897,12.150498,10.640897,12.150498,0.0
doc_0418,12.02279,15.391958,12.02279,15.391958,0.0
doc_0419,13.140857,12.510252,13.140857,12.510252,0.0
doc_0420,11.46469,13.77154,11.46469,13.77154,0.0
doc_0421,10.641516,14.1589775,10.641516,14.1589775,0.0
doc_0422,4.7292147,13.562631,4.7292147,13.562631,0.0
doc_0423,11.542201,14.3336,11.542201,14.3336,0.0
doc_0424,12.746549,13.746754,12.746549,13.746754,0.0
doc_0425,13.108163,13.576087,13.108163,13.576087,0.0
doc_0426,11.658857,13.932392,11.658857,13.932392,0.0
doc_0427,13.210795,10.931582,13.210795,10.931582,0.0
doc_0428,12.40443,11.692657,12.40443,11.692657,0.0
doc_0429,4.796319,13.515252,4.796319,13.515252,0.0
doc_0430,12.172488,13.741421,12.172488,13.741421,0.0
doc_0431,12.831809,12.94191,12.831809,12.94191,0.0
doc_0432,11.691906,13.578414,11.691906,13.578414,0.0
doc_0433,11.476975,15.563645,11.476975,15.563645,0.0
doc_0434,12.18937,9.265691,12.18937,9.265691,0.0
doc_0435,12.424495,13.817828,12.424495,13.817828,0.0
doc_0436,12.209763,12.016218,12.209763,12.016218,0.0
doc_0437,11.345811,10.120235,11.345811,10.120235,0.0
doc_0438,14.16394,12.474363,14.16394,12.474363,0.0
doc_0439,9.383308,13.336794,9.383308,13.336794,0.0
doc_0440,13.265934,13.496047,13.265934,13.496047,0.0
doc_0441,8.695045,11.129353,8.695045,11.129353,0.0
doc_0442,8.757834,12.442304,8.757834,12.442304,0.0
doc_0443,10.686229,14.658153,10.686229,14.658153,0.0
doc_0444,13.157072,15.149574,13.157072,15.149574,0.0
doc_0445,11.977318,12.578986,11.977318,12.578986,0.0
doc_0446,9.23333,15.677299,9.23333,15.677299,0.0
doc_0447,9.486552,15.623601,9.486552,15.623601,0.0
doc_0448,12.159325,13.036127,12.159325,13.036127,0.0
doc_0449,15.165749,13.914153,15.165749,13.914153,0.0
doc_0450,12.011611,14.115765,12.011611,14.115765,0.0
doc_0451,12.196936,14.310215,12.196936,14.310215,0.0
doc_0452,10.852111,14.973531,10.852111,14.973531,0.0
doc_0453,12.146726,12.020732,12.146726,12.020732,0.0
doc_0454,9.913076,15.283227,9.913076,15.283227,0.0
doc_0455,9.918611,12.620578,9.918611,12.620578,0.0
doc_0456,9.949356,12.589678,9.949356,12.589678,0.0
doc_0457,11.236529,11.675557,11.236529,11.675557,0.0
doc_0458,11.135042,11.412528,11.135042,11.412528,0.0
doc_0459,13.566735,13.403272,13.566735,13.403272,0.0
doc_0460,8.879232,12.095268,8.879232,12.095268,0.0
doc_0461,8.708125,12.469269,8.708125,12.469269,0.0
doc_0462,13.699355,13.427308,13.699355,13.427308,0.0
doc_0463,10.665096,13.717603,10.665096,13.717603,0.0
doc_0464,11.232876,11.297248,11.232876,11.297248,0.0
doc_0465,11.528831,10.483472,11.528831,10.483472,0.0
doc_0466,11.561715,10.509841,11.561715,10.509841,0.0
doc_0467,11.593492,10.554061,11.593492,10.554061,0.0
doc_0468,8.137779,13.820687,8.137779,13.820687,0.0
doc_0469,9.816203,12.984675,9.816203,12.984675,0.0
doc_0470,4.8479457,13.492332,4.8479457,13.492332,0.0
doc_0471,4.7509356,13.542462,4.7509356,13.542462,0.0
doc_0472,12.127533,11.906567,12.127533,11.906567,0.0
doc_0473,13.290517,10.847349,13.290517,10.847349,0.0
doc_0474,15.025849,13.730703,15.025849,13.730703,0.0
doc_0475,10.324236,12.313161,10.324236,12.313161,0.0
doc_0476,13.954005,11.651454,13.954005,11.651454,0.0
doc_0477,13.90339,13.263061,13.90339,13.263061,0.0
doc_0478,12.430451,8.43158,12.430451,8.43158,0.0
doc_0479,12.580243,8.934515,12.580243,8.934515,0.0
doc_0480,10.297305,12.857177,10.297305,12.857177,0.0
doc_0481,12.206573,13.241919,12.206573,13.241919,0.0
doc_0482,13.091078,13.404411,13.091078,13.404411,0.0
doc_0483,14.01341,11.742923,14.01341,11.742923,0.0
doc_0484,13.279626,15.670505,13.279626,15.670505,0.0
doc_0485,9.457527,13.155037,9.457527,13.155037,0.0
doc_0486,4.6531577,13.653872,4.6531577,13.653872,0.0
doc_0487,13.423818,12.039606,13.423818,12.039606,0.0
doc_0488,9.61055,14.011967,9.61055,14.011967,0.0
doc_0489,12.752746,11.36659,12.752746,11.36659,0.0
doc_0490,14.978575,13.713755,14.978575,13.713755,0.0
doc_0491,11.786041,12.045184,11.786041,12.045184,0.0
doc_0492,13.155977,13.229598,13.155977,13.229598,0.0
doc_0493,11.92876,12.067073,11.92876,12.067073,0.0
doc_0494,9.545051,12.345749,9.545051,12.345749,0.0
doc_0495,10.554144,12.60031,10.554144,12.60031,0.0
doc_0496,12.912103,11.665081,12.912103,11.665081,0.0
doc_0497,12.702057,13.1944,12.702057,13.1944,0.0
doc_0498,11.959588,13.6405325,11.959588,13.6405325,0.0
doc_0499,14.150611,12.543598,14.150611,12.543598,0.0
doc_0500,11.418482,14.371122,11.418482,14.371122,0.0
doc_0501,12.329761,11.837249,12.329761,11.837249,0.0
doc_0502,13.66985,13.441348,13.66985,13.441348,0.0
doc_0503,10.563942,12.870975,10.563942,12.870975,0.0
doc_0504,13.829672,11.801582,13.829672,11.801582,0.0
doc_0505,11.021064,13.702705,11.021064,13.702705,0.0
doc_0506,11.735346,14.170718,11.735346,14.170718,0.0
doc_0507,10.800612,13.077383,10.800612,13.077383,0.0
doc_0508,10.74038,15.003784,10.74038,15.003784,0.0
doc_0509,11.873156,14.475603,11.873156,14.475603,0.0
doc_0510,13.0581255,14.453982,13.0581255,14.453982,0.0
doc_0511,10.40076,12.811667,10.40076,12.811667,0.0
doc_0512,10.306506,14.176348,10.306506,14.176348,0.0
doc_0513,9.7545595,13.566519,9.7545595,13.566519,0.0
doc_0514,14.960548,9.9387865,14.960548,9.9387865,0.0
doc_0515,13.570647,11.836121,13.570647,11.836121,0.0
doc_0516,13.469503,11.080273,13.469503,11.080273,0.0
doc_0517,12.677431,12.908474,12.677431,12.908474,0.0
doc_0518,12.473016,15.190665,12.473016,15.190665,0.0
doc_0519,15.005125,10.175588,15.005125,10.175588,0.0
doc_0520,13.781233,13.712071,13.781233,13.712071,0.0
doc_0521,13.731106,13.439753,13.731106,13.439753,0.0
doc_0522,15.119741,13.823314,15.119741,13.823314,0.0
doc_0523,13.212476,12.385358,13.212476,12.385358,0.0
doc_0524,12.504009,12.108598,12.504009,12.108598,0.0
doc_0525,9.6484,15.512022,9.6484,15.512022,0.0
doc_0526,10.234738,14.758687,10.234738,14.758687,0.0
doc_0527,15.046662,13.792594,15.046662,13.792594,0.0
doc_0528,8.154127,13.773589,8.154127,13.773589,0.0
doc_0529,13.3866,11.092126,13.3866,11.092126,0.0
doc_0530,13.247707,10.837983,13.247707,10.837983,0.0
doc_0531,13.476294,11.180435,13.476294,11.180435,0.0
doc_0532,12.5896,9.043203,12.5896,9.043203,0.0
doc_0533,11.203298,12.603786,11.203298,12.603786,0.0
doc_0534,9.928866,15.329031,9.928866,15.329031,0.0
doc_0535,12.35745,14.08702,12.35745,14.08702,0.0
doc_0536,12.073611,14.742201,12.073611,14.742201,0.0
doc_0537,13.225308,13.154486,13.225308,13.154486,0.0
doc_0538,13.405117,12.947505,13.405117,12.947505,0.0
doc_0539,10.760671,13.193898,10.760671,13.193898,0.0
doc_0540,9.236556,12.512643,9.236556,12.512643,0.0
doc_0541,8.70281,12.522144,8.70281,12.522144,0.0
doc_0542,8.810574,12.490258,8.810574,12.490258,0.0
doc_0543,11.430167,10.068826,11.430167,10.068826,0.0
doc_0544,9.75728,14.169539,9.75728,14.169539,0.0
doc_0545,4.8748407,13.472907,4.8748407,13.472907,0.0
doc_0546,11.322298,15.319261,11.322298,15.319261,0.0
doc_0547,12.380686,14.420017,12.380686,14.420017,0.0
doc_0548,13.252164,13.71152,13.252164,13.71152,0.0
doc_0549,13.270304,14.610632,13.270304,14.610632,0.0
doc_0550,13.441647,13.516164,13.441647,13.516164,0.0
doc_0551,11.404429,15.404182,11.404429,15.404182,0.0
doc_0552,11.45004,12.9663515,11.45004,12.9663515,0.0
doc_0553,10.337623,13.540665,10.337623,13.540665,0.0
doc_0554,10.977884,9.099743,10.977884,9.099743,0.0
doc_0555,13.262205,14.111468,13.262205,14.111468,0.0
doc_0556,11.814821,13.884466,11.814821,13.884466,0.0
doc_0557,15.128566,13.816598,15.128566,13.816598,0.0
doc_0558,11.304638,11.420299,11.304638,11.420299,0.0
doc_0559,12.298756,11.523629,12.298756,11.523629,0.0
doc_0560,13.571663,11.414535,13.571663,11.414535,0.0
doc_0561,13.802731,12.116613,13.802731,12.116613,0.0
doc_0562,12.669055,14.52859,12.669055,14.52859,0.0
doc_0563,9.18773,11.77893,9.18773,11.77893,0.0
doc_0564,9.599917,11.822307,9.599917,11.822307,0.0
doc_0565,13.285774,15.700499,13.285774,15.700499,0.0
doc_0566,11.605241,13.658574,11.605241,13.658574,0.0
doc_0567,11.532623,13.712038,11.532623,13.712038,0.0
doc_0568,12.8433,13.186094,12.8433,13.186094,0.0
doc_0569,11.542666,13.865883,11.542666,13.865883,0.0
doc_0570,12.430902,14.871322,12.430902,14.871322,0.0
doc_0571,11.700458,11.670774,11.700458,11.670774,0.0
doc_0572,11.311244,9.867474,11.311244,9.867474,0.0
doc_0573,10.770362,14.268572,10.770362,14.268572,0.0
doc_0574,12.676595,13.434053,12.676595,13.434053,0.0
doc_0575,13.333646,10.594215,13.333646,10.594215,0.0
doc_0576,14.124265,11.424533,14.124265,11.424533,0.0
doc_0577,12.213034,12.1725,12.213034,12.1725,0.0
doc_0578,10.908685,8.966239,10.908685,8.966239,0.0
doc_0579,10.748515,11.742328,10.748515,11.742328,0.0
doc_0580,12.594414,13.047936,12.594414,13.047936,0.0
doc_0581,10.781885,14.321394,10.781885,14.321394,0.0
doc_0582,12.534553,9.39628,12.534553,9.39628,0.0
doc_0583,13.365704,11.174487,13.365704,11.174487,0.0
doc_0584,14.012837,11.134751,14.012837,11.134751,0.0
doc_0585,13.470204,12.108889,13.470204,12.108889,0.0
doc_0586,13.492271,12.085212,13.492271,12.085212,0.0
doc_0587,11.553839,13.287661,11.553839,13.287661,0.0
doc_0588,11.988283,14.01682,11.988283,14.01682,0.0
doc_0589,10.793286,14.992844,10.793286,14.992844,0.0
doc_0590,11.581346,13.189027,11.581346,13.189027,0.0
doc_0591,11.530684,13.213791,11.530684,13.213791,0.0
doc_0592,10.768058,14.851457,10.768058,14.851457,0.0
doc_0593,11.920058,12.164739,11.920058,12.164739,0.0
doc_0594,12.756117,13.701632,12.756117,13.701632,0.0
doc_0595,12.733584,11.535312,12.733584,11.535312,0.0
doc_0596,8.177772,13.755359,8.177772,13.755359,0.0
doc_0597,11.883213,10.968121,11.883213,10.968121,0.0
doc_0598,12.163132,10.921999,12.163132,10.921999,0.0
doc_0599,11.85559,13.253754,11.85559,13.253754,0.0
doc_0600,11.914925,12.28126,11.914925,12.28126,0.0
doc_0601,15.145417,13.888318,15.145417,13.888318,0.0
doc_0602,15.102524,13.853353,15.102524,13.853353,0.0
doc_0603,9.710556,13.614348,9.710556,13.614348,0.0
doc_0604,13.594532,13.272371,13.594532,13.272371,0.0
doc_0605,4.714841,13.573692,4.714841,13.573692,0.0
doc_0606,8.703263,12.447885,8.703263,12.447885,0.0
doc_0607,8.696425,11.016661,8.696425,11.016661,0.0
doc_0608,10.973127,8.97396,10.973127,8.97396,0.0
doc_0609,10.819411,10.482077,10.819411,10.482077,0.0
doc_0610,12.931244,9.491713,12.931244,9.491713,0.0
doc_0611,15.084837,10.125693,15.084837,10.125693,0.0
doc_0612,13.309434,15.663605,13.309434,15.663605,0.0
doc_0613,11.219699,13.521614,11.219699,13.521614,0.0
doc_0614,9.68016,13.449238,9.68016,13.449238,0.0
doc_0615,11.934856,12.338533,11.934856,12.338533,0.0
doc_0616,12.288417,11.433691,12.288417,11.433691,0.0
doc_0617,14.049658,11.448164,14.049658,11.448164,0.0
doc_0618,11.552927,10.598558,11.552927,10.598558,0.0
doc_0619,12.025961,8.863474,12.025961,8.863474,0.0
doc_0620,12.518415,9.590986,12.518415,9.590986,0.0
doc_0621,13.364716,12.232458,13.364716,12.232458,0.0
doc_0622,13.596312,11.733772,13.596312,11.733772,0.0
doc_0623,13.357226,11.360611,13.357226,11.360611,0.0
doc_0624,12.672524,12.121616,12.672524,12.121616,0.0
doc_0625,12.555568,11.206587,12.555568,11.206587,0.0
doc_0626,15.214298,13.990534,15.214298,13.990534,0.0
doc_0627,12.977512,12.618521,12.977512,12.618521,0.0
doc_0628,11.307,14.192333,11.307,14.192333,0.0
doc_0629,11.701188,11.907546,11.701188,11.907546,0.0
doc_0630,12.208432,11.623,12.208432,11.623,0.0
doc_0631,13.38278,11.981225,13.38278,11.981225,0.0
doc_0632,13.352897,13.4583645,13.352897,13.4583645,0.0
doc_0633,12.578014,13.988684,12.578014,13.988684,0.0
doc_0634,12.42519,13.841036,12.42519,13.841036,0.0
doc_0635,10.183472,12.730658,10.183472,12.730658,0.0
doc_0636,11.200686,12.568354,11.200686,12.568354,0.0
doc_0637,12.433796,14.084598,12.433796,14.084598,0.0
doc_0638,11.327625,11.872962,11.327625,11.872962,0.0
doc_0639,10.118659,13.474752,10.118659,13.474752,0.0
doc_0640,11.221131,13.798013,11.221131,13.798013,0.0
doc_0641,10.978003,13.140973,10.978003,13.140973,0.0
doc_0642,12.333149,12.122236,12.333149,12.122236,0.0
doc_0643,11.526681,11.8978615,11.526681,11.8978615,0.0
doc_0644,11.689052,11.944506,11.689052,11.944506,0.0
doc_0645,13.098841,13.175355,13.098841,13.175355,0.0
doc_0646,12.498512,15.00768,12.498512,15.00768,0.0
doc_0647,11.330927,13.573665,11.330927,13.573665,0.0
doc_0648,12.033709,12.306582,12.033709,12.306582,0.0
doc_0649,13.145844,13.123151,13.145844,13.123151,0.0
doc_0650,11.525941,14.51709,11.525941,14.51709,0.0
doc_0651,11.559687,11.971103,11.559687,11.971103,0.0
doc_0652,12.211767,11.299828,12.211767,11.299828,0.0
doc_0653,12.374595,11.090606,12.374595,11.090606,0.0
doc_0654,12.422476,9.371733,12.422476,9.371733,0.0
doc_0655,13.314968,15.724514,13.314968,15.724514,0.0
doc_0656,11.8717375,12.869571,11.8717375,12.869571,0.0
doc_0657,11.330848,13.667032,11.330848,13.667032,0.0
doc_0658,11.083447,13.065691,11.083447,13.065691,0.0
doc_0659,12.501345,11.679696,12.501345,11.679696,0.0
doc_0660,12.833837,11.849872,12.833837,11.849872,0.0
doc_0661,12.320403,14.023045,12.320403,14.023045,0.0
doc_0662,12.791378,11.601545,12.791378,11.601545,0.0
doc_0663,15.139896,13.806797,15.139896,13.806797,0.0
doc_0664,11.175713,12.941409,11.175713,12.941409,0.0
doc_0665,12.443204,13.936333,12.443204,13.936333,0.0
doc_0666,15.048712,10.032187,15.048712,10.032187,0.0
doc_0667,11.698672,13.154586,11.698672,13.154586,0.0
doc_0668,13.266697,15.677684,13.266697,15.677684,0.0
doc_0669,11.497665,12.835857,11.497665,12.835857,0.0
doc_0670,11.66292,13.125227,11.66292,13.125227,0.0
doc_0671,11.9800205,12.447805,11.9800205,12.447805,0.0
doc_0672,15.235843,14.007092,15.235843,14.007092,0.0
doc_0673,11.399852,13.676035,11.399852,13.676035,0.0
doc_0674,12.299983,13.051268,12.299983,13.051268,0.0
doc_0675,12.400025,13.11076,12.400025,13.11076,0.0
doc_0676,11.686067,12.639114,11.686067,12.639114,0.0
doc_0677,15.1308975,13.837605,15.1308975,13.837605,0.0
doc_0678,11.372194,13.063889,11.372194,13.063889,0.0
doc_0679,12.408873,14.384568,12.408873,14.384568,0.0
doc_0680,12.691627,13.855891,12.691627,13.855891,0.0
doc_0681,11.498116,12.809727,11.498116,12.809727,0.0
doc_0682,11.5367,15.540982,11.5367,15.540982,0.0
doc_0683,12.262178,13.196082,12.262178,13.196082,0.0
doc_0684,12.811282,11.275009,12.811282,11.275009,0.0
doc_0685,9.258844,13.354711,9.258844,13.354711,0.0
doc_0686,11.413881,10.041854,11.413881,10.041854,0.0
doc_0687,8.177552,13.760037,8.177552,13.760037,0.0
doc_0688,11.914586,10.744369,11.914586,10.744369,0.0
doc_0689,10.012654,12.719965,10.012654,12.719965,0.0
doc_0690,12.294063,8.662336,12.294063,8.662336,0.0
doc_0691,8.759725,11.201139,8.759725,11.201139,0.0
doc_0692,12.756497,15.592346,12.756497,15.592346,0.0
doc_0693,9.651996,12.734314,9.651996,12.734314,0.0
doc_0694,12.043747,14.466345,12.043747,14.466345,0.0
doc_0695,10.865989,14.787613,10.865989,14.787613,0.0
doc_0696,8.881084,11.537333,8.881084,11.537333,0.0
doc_0697,9.486513,13.044682,9.486513,13.044682,0.0
doc_0698,12.648586,15.555164,12.648586,15.555164,0.0
doc_0699,13.483177,12.976279,13.483177,12.976279,0.0
doc_0700,13.609676,14.1066885,13.609676,14.1066885,0.0
doc_0701,13.174313,13.902278,13.174313,13.902278,0.0
doc_0702,4.751532,13.539797,4.751532,13.539797,0.0
doc_0703,13.61011,11.833957,13.61011,11.833957,0.0
doc_0704,13.129818,13.35215,13.129818,13.35215,0.0
doc_0705,9.052604,12.853897,9.052604,12.853897,0.0
doc_0706,11.691518,13.398213,11.691518,13.398213,0.0
doc_0707,12.230203,12.274345,12.230203,12.274345,0.0
doc_0708,11.214191,11.485365,11.214191,11.485365,0.0
doc_0709,12.318967,11.720239,12.318967,11.720239,0.0
doc_0710,8.762341,12.414637,8.762341,12.414637,0.0
doc_0711,10.804572,13.611933,10.804572,13.611933,0.0
doc_0712,8.193193,13.747242,8.193193,13.747242,0.0
doc_0713,14.349238,12.417232,14.349238,12.417232,0.0
doc_0714,11.969373,14.651569,11.969373,14.651569,0.0
doc_0715,12.990643,13.181815,12.990643,13.181815,0.0
doc_0716,9.77389,13.485142,9.77389,13.485142,0.0
doc_0717,9.840922,15.117221,9.840922,15.117221,0.0
doc_0718,10.625971,13.773571,10.625971,13.773571,0.0
doc_0719,12.235859,11.436989,12.235859,11.436989,0.0
doc_0720,11.401506,10.118596,11.401506,10.118596,0.0
doc_0721,4.7511425,13.541583,4.7511425,13.541583,0.0
doc_0722,10.4119005,14.4295635,10.4119005,14.4295635,0.0
doc_0723,14.065627,11.546816,14.065627,11.546816,0.0
doc_0724,11.2042885,11.696256,11.2042885,11.696256,0.0
doc_0725,12.213236,14.722818,12.213236,14.722818,0.0
doc_0726,10.425616,11.454363,10.425616,11.454363,0.0
doc_0727,9.636554,13.910089,9.636554,13.910089,0.0
doc_0728,14.009507,13.283101,14.009507,13.283101,0.0
doc_0729,11.880855,11.381196,11.880855,11.381196,0.0
doc_0730,11.791081,9.840553,11.791081,9.840553,0.0
doc_0731,13.720953,13.406134,13.720953,13.406134,0.0
doc_0732,13.179033,15.644036,13.179033,15.644036,0.0
doc_0733,4.6103497,13.672614,4.6103497,13.672614,0.0
doc_0734,13.774461,13.546704,13.774461,13.546704,0.0
doc_0735,12.905077,13.12204,12.905077,13.12204,0.0
doc_0736,8.638307,12.516952,8.638307,12.516952,0.0
doc_0737,12.522075,13.982106,12.522075,13.982106,0.0
doc_0738,7.8178377,10.617924,7.8178377,10.617924,0.0
doc_0739,12.235873,14.736518,12.235873,14.736518,0.0
doc_0740,13.739838,13.723179,13.739838,13.723179,0.0
doc_0741,14.783707,13.73902,14.783707,13.73902,0.0
doc_0742,13.343,13.614434,13.343,13.614434,0.0
doc_0743,12.492984,10.626961,12.492984,10.626961,0.0
doc_0744,13.28914,15.695103,13.28914,15.695103,0.0
doc_0745,12.414297,11.572487,12.414297,11.572487,0.0
doc_0746,12.714659,12.672623,12.714659,12.672623,0.0
doc_0747,12.5907955,13.922879,12.5907955,13.922879,0.0
doc_0748,10.489206,12.705411,10.489206,12.705411,0.0
doc_0749,13.526404,12.507226,13.526404,12.507226,0.0
doc_0750,11.979916,10.862509,11.979916,10.862509,0.0
doc_0751,13.403302,11.528525,13.403302,11.528525,0.0
doc_0752,11.33744,13.118246,11.33744,13.118246,0.0
doc_0753,11.091396,13.185555,11.091396,13.185555,0.0
doc_0754,12.016115,13.0631895,12.016115,13.0631895,0.0
doc_0755,12.003735,13.311163,12.003735,13.311163,0.0
doc_0756,11.374742,14.321316,11.374742,14.321316,0.0
doc_0757,12.043624,12.978498,12.043624,12.978498,0.0
doc_0758,10.639104,13.06963,10.639104,13.06963,0.0
doc_0759,11.407232,13.947398,11.407232,13.947398,0.0
doc_0760,11.204776,12.598295,11.204776,12.598295,0.0
doc_0761,14.327918,12.38541,14.327918,12.38541,0.0
doc_0762,12.027634,11.625792,12.027634,11.625792,0.0
doc_0763,9.938406,12.711157,9.938406,12.711157,0.0
doc_0764,11.427095,15.502399,11.427095,15.502399,0.0
doc_0765,12.643457,12.971007,12.643457,12.971007,0.0
doc_0766,10.757464,14.825235,10.757464,14.825235,0.0
doc_0767,11.285848,12.5985985,11.285848,12.5985985,0.0
doc_0768,11.487318,15.507602,11.487318,15.507602,0.0
doc_0769,11.110045,12.59801,11.110045,12.59801,0.0
doc_0770,11.346824,12.028839,11.346824,12.028839,0.0
doc_0771,10.494011,13.72652,10.494011,13.72652,0.0
doc_0772,11.293644,12.972184,11.293644,12.972184,0.0
doc_0773,9.647962,11.86335,9.647962,11.86335,0.0
doc_0774,11.178005,12.78792,11.178005,12.78792,0.0
doc_0775,10.617262,12.877798,10.617262,12.877798,0.0
doc_0776,10.777981,8.893273,10.777981,8.893273,0.0
doc_0777,11.32181,12.5041485,11.32181,12.5041485,0.0
doc_0778,9.5914135,14.068973,9.5914135,14.068973,0.0
doc_0779,12.665345,11.725946,12.665345,11.725946,0.0
doc_0780,12.645348,9.042613,12.645348,9.042613,0.0
doc_0781,11.149714,13.012858,11.149714,13.012858,0.0
doc_0782,9.260995,15.772239,9.260995,15.772239,0.0
doc_0783,9.406766,15.629505,9.406766,15.629505,0.0
doc_0784,12.205637,13.440119,12.205637,13.440119,0.0
doc_0785,12.179566,13.431462,12.179566,13.431462,0.0
doc_0786,12.5791445,10.669467,12.5791445,10.669467,0.0
doc_0787,12.365049,14.4490795,12.365049,14.4490795,0.0
doc_0788,12.350731,13.039209,12.350731,13.039209,0.0
doc_0789,8.143849,13.783953,8.143849,13.783953,0.0
doc_0790,13.144548,10.763179,13.144548,10.763179,0.0
doc_0791,15.071835,13.858455,15.071835,13.858455,0.0
doc_0792,9.32765,15.786236,9.32765,15.786236,0.0
doc_0793,15.016009,13.817185,15.016009,13.817185,0.0
doc_0794,11.342903,11.991903,11.342903,11.991903,0.0
doc_0795,12.9311,9.251671,12.9311,9.251671,0.0
doc_0796,4.7137856,13.567578,4.7137856,13.567578,0.0
doc_0797,11.81613,9.6839285,11.81613,9.6839285,0.0
doc_0798,12.579305,8.694428,12.579305,8.694428,0.0
doc_0799,12.372206,8.43968,12.372206,8.43968,0.0
doc_0800,12.635789,10.638038,12.635789,10.638038,0.0
doc_0801,13.288874,11.004727,13.288874,11.004727,0.0
doc_0802,12.157867,8.350069,12.157867,8.350069,0.0
doc_0803,12.706175,12.906454,12.706175,12.906454,0.0
doc_0804,12.438019,14.208897,12.438019,14.208897,0.0
doc_0805,15.24201,13.840891,15.24201,13.840891,0.0
doc_0806,11.16618,11.906434,11.16618,11.906434,0.0
doc_0807,11.519648,10.234678,11.519648,10.234678,0.0
doc_0808,11.718128,11.030543,11.718128,11.030543,0.0
doc_0809,10.848416,12.422488,10.848416,12.422488,0.0
doc_0810,11.609948,11.561949,11.609948,11.561949,0.0
doc_0811,11.418362,11.018027,11.418362,11.018027,0.0
doc_0812,9.535742,10.701318,9.535742,10.701318,0.0
doc_0813,11.776856,13.116408,11.776856,13.116408,0.0
doc_0814,10.5536785,11.69192,10.5536785,11.69192,0.0
doc_0815,10.254921,11.059564,10.254921,11.059564,0.0
doc_0816,11.705489,13.461487,11.705489,13.461487,0.0
doc_0817,13.722102,10.643992,13.722102,10.643992,0.0
doc_0818,12.43382,11.407189,12.43382,11.407189,0.0
doc_0819,9.070654,12.5435095,9.070654,12.5435095,0.0
doc_0820,8.934209,11.789593,8.934209,11.789593,0.0
doc_0821,12.698704,13.452975,12.698704,13.452975,0.0
doc_0822,11.914491,13.789296,11.914491,13.789296,0.0
doc_0823,11.900047,13.903975,11.900047,13.903975,0.0
doc_0824,11.501751,12.700137,11.501751,12.700137,0.0
doc_0825,12.412579,14.133016,12.412579,14.133016,0.0
doc_0826,13.659962,13.407597,13.659962,13.407597,0.0
doc_0827,12.480835,9.256402,12.480835,9.256402,0.0
doc_0828,11.264116,12.25306,11.264116,12.25306,0.0
doc_0829,12.498817,8.567264,12.498817,8.567264,0.0
doc_0830,9.200585,14.736576,9.200585,14.736576,0.0
doc_0831,9.303527,15.635522,9.303527,15.635522,0.0
doc_0832,15.007498,13.840916,15.007498,13.840916,0.0
doc_0833,14.95117,13.981116,14.95117,13.981116,0.0
doc_0834,10.705213,11.515852,10.705213,11.515852,0.0
doc_0835,8.771431,12.464212,8.771431,12.464212,0.0
doc_0836,12.0629015,12.952828,12.0629015,12.952828,0.0
doc_0837,8.404605,11.058287,8.404605,11.058287,0.0
doc_0838,9.738907,10.878075,9.738907,10.878075,0.0
doc_0839,10.066932,11.505181,10.066932,11.505181,0.0
doc_0840,14.783618,10.024348,14.783618,10.024348,0.0
doc_0841,9.882744,11.282472,9.882744,11.282472,0.0
doc_0842,9.362126,10.499914,9.362126,10.499914,0.0
doc_0843,8.139886,13.790992,8.139886,13.790992,0.0
doc_0844,14.300165,12.373597,14.300165,12.373597,0.0
doc_0845,14.229391,12.304666,14.229391,12.304666,0.0
doc_0846,11.5623255,12.027475,11.5623255,12.027475,0.0
doc_0847,12.238903,14.749686,12.238903,14.749686,0.0
doc_0848,13.257745,13.393354,13.257745,13.393354,0.0
doc_0849,11.71282,13.522419,11.71282,13.522419,0.0
doc_0850,13.088478,13.92808,13.088478,13.92808,0.0
doc_0851,12.438527,15.033496,12.438527,15.033496,0.0
doc_0852,12.545301,11.3887205,12.545301,11.3887205,0.0
doc_0853,13.044492,13.040799,13.044492,13.040799,0.0
doc_0854,13.595859,11.885398,13.595859,11.885398,0.0
doc_0855,10.224264,13.741073,10.224264,13.741073,0.0
doc_0856,9.935532,14.227107,9.935532,14.227107,0.0
doc_0857,14.311594,12.291385,14.311594,12.291385,0.0
doc_0858,12.560683,9.392665,12.560683,9.392665,0.0
doc_0859,13.218354,14.209745,13.218354,14.209745,0.0
doc_0860,10.987243,13.319514,10.987243,13.319514,0.0
doc_0861,10.215454,13.389346,10.215454,13.389346,0.0
doc_0862,10.428847,13.383265,10.428847,13.383265,0.0
doc_0863,13.5620985,12.518998,13.5620985,12.518998,0.0
doc_0864,10.174746,13.628107,10.174746,13.628107,0.0
doc_0865,11.018317,12.208032,11.018317,12.208032,0.0
doc_0866,12.496733,14.01042,12.496733,14.01042,0.0
doc_0867,15.182978,13.911256,15.182978,13.911256,0.0
doc_0868,13.287431,13.315935,13.287431,13.315935,0.0
doc_0869,11.949453,14.629318,11.949453,14.629318,0.0
doc_0870,11.637519,14.148481,11.637519,14.148481,0.0
doc_0871,11.497562,14.263995,11.497562,14.263995,0.0
doc_0872,11.763314,13.867295,11.763314,13.867295,0.0
doc_0873,11.673469,14.316726,11.673469,14.316726,0.0
doc_0874,12.371464,11.843004,12.371464,11.843004,0.0
doc_0875,12.664618,11.440842,12.664618,11.440842,0.0
doc_0876,10.886586,13.101504,10.886586,13.101504,0.0
doc_0877,8.652339,12.525933,8.652339,12.525933,0.0
doc_0878,11.791452,14.49541,11.791452,14.49541,0.0
doc_0879,8.788041,12.464018,8.788041,12.464018,0.0
doc_0880,11.934718,13.992557,11.934718,13.992557,0.0
doc_0881,8.718583,14.967624,8.718583,14.967624,0.0
doc_0882,9.5032625,14.044983,9.5032625,14.044983,0.0
doc_0883,11.338544,11.158489,11.338544,11.158489,0.0
doc_0884,10.100638,12.768359,10.100638,12.768359,0.0
doc_0885,9.710848,10.906432,9.710848,10.906432,0.0
doc_0886,8.654382,12.4754,8.654382,12.4754,0.0
doc_0887,12.722574,8.957917,12.722574,8.957917,0.0
doc_0888,13.8173275,10.665064,13.8173275,10.665064,0.0
doc_0889,4.7405276,13.54507,4.7405276,13.54507,0.0
doc_0890,12.038023,14.773772,12.038023,14.773772,0.0
doc_0891,13.445344,12.20142,13.445344,12.20142,0.0
doc_0892,11.6681595,13.012656,11.6681595,13.012656,0.0
doc_0893,12.547688,15.432022,12.547688,15.432022,0.0
doc_0894,12.378943,11.384145,12.378943,11.384145,0.0
doc_0895,11.900486,13.987068,11.900486,13.987068,0.0
doc_0896,10.629462,12.947824,10.629462,12.947824,0.0
doc_0897,10.878544,13.722409,10.878544,13.722409,0.0
doc_0898,10.3428335,12.82307,10.3428335,12.82307,0.0
doc_0899,13.268691,11.908041,13.268691,11.908041,0.0
doc_0900,9.653268,14.014273,9.653268,14.014273,0.0
doc_0901,13.359448,11.761337,13.359448,11.761337,0.0
doc_0902,11.849634,12.144202,11.849634,12.144202,0.0
doc_0903,10.569034,10.878531,10.569034,10.878531,0.0
doc_0904,12.630275,11.268135,12.630275,11.268135,0.0
doc_0905,10.92363,13.813478,10.92363,13.813478,0.0
doc_0906,11.902399,11.565136,11.902399,11.565136,0.0
doc_0907,10.773102,12.068718,10.773102,12.068718,0.0
doc_0908,11.67116,11.636848,11.67116,11.636848,0.0
doc_0909,11.743131,9.938893,11.743131,9.938893,0.0
doc_0910,9.547517,13.979689,9.547517,13.979689,0.0
doc_0911,10.341084,12.680941,10.341084,12.680941,0.0
doc_0912,12.851619,11.19373,12.851619,11.19373,0.0
doc_0913,9.861931,10.51517,9.861931,10.51517,0.0
doc_0914,11.613477,13.025209,11.613477,13.025209,0.0
doc_0915,10.450668,13.857394,10.450668,13.857394,0.0
doc_0916,11.629857,13.39162,11.629857,13.39162,0.0
doc_0917,9.904198,15.124343,9.904198,15.124343,0.0
doc_0918,10.859146,9.003451,10.859146,9.003451,0.0
doc_0919,8.944963,15.693914,8.944963,15.693914,0.0
doc_0920,9.365929,12.864303,9.365929,12.864303,0.0
doc_0921,9.728522,13.99996,9.728522,13.99996,0.0
doc_0922,9.225137,13.333383,9.225137,13.333383,0.0
doc_0923,11.95675,13.711666,11.95675,13.711666,0.0
doc_0924,14.369634,10.651326,14.369634,10.651326,0.0
doc_0925,15.078833,13.608309,15.078833,13.608309,0.0
doc_0926,12.552504,8.474605,12.552504,8.474605,0.0
doc_0927,13.414193,14.225973,13.414193,14.225973,0.0
doc_0928,11.993483,14.344224,11.993483,14.344224,0.0
doc_0929,10.402094,13.519735,10.402094,13.519735,0.0
doc_0930,10.893142,13.780629,10.893142,13.780629,0.0
doc_0931,10.816308,13.710578,10.816308,13.710578,0.0
doc_0932,10.317332,14.04459,10.317332,14.04459,0.0
doc_0933,9.487682,14.038963,9.487682,14.038963,0.0
doc_0934,9.5879965,11.821714,9.5879965,11.821714,0.0
doc_0935,10.442851,13.426848,10.442851,13.426848,0.0
doc_0936,7.9308953,10.69949,7.9308953,10.69949,0.0
doc_0937,15.061298,10.161802,15.061298,10.161802,0.0
doc_0938,12.302861,12.42687,12.302861,12.42687,0.0
doc_0939,11.89156,12.641331,11.89156,12.641331,0.0
doc_0940,12.505197,10.647877,12.505197,10.647877,0.0
doc_0941,4.806452,13.527846,4.806452,13.527846,0.0
doc_0942,11.690719,9.771459,11.690719,9.771459,0.0
doc_0943,13.95676,11.516751,13.95676,11.516751,0.0
doc_0944,12.263162,12.071304,12.263162,12.071304,0.0
doc_0945,11.794641,9.9737425,11.794641,9.9737425,0.0
doc_0946,11.840187,12.415143,11.840187,12.415143,0.0
doc_0947,10.981223,13.380992,10.981223,13.380992,0.0
doc_0948,11.5602255,13.209217,11.5602255,13.209217,0.0
doc_0949,11.498557,13.121036,11.498557,13.121036,0.0
doc_0950,13.59998,13.595013,13.59998,13.595013,0.0
doc_0951,11.869896,14.019327,11.869896,14.019327,0.0
doc_0952,11.95932,14.476366,11.95932,14.476366,0.0
doc_0953,11.909736,14.513591,11.909736,14.513591,0.0
doc_0954,12.168592,12.3324175,12.168592,12.3324175,0.0
doc_0955,12.323094,14.169789,12.323094,14.169789,0.0
doc_0956,12.154533,11.474016,12.154533,11.474016,0.0
doc_0957,11.738109,10.802457,11.738109,10.802457,0.0
doc_0958,9.630694,13.931836,9.630694,13.931836,0.0
doc_0959,12.386582,10.976829,12.386582,10.976829,0.0
doc_0960,9.28165,13.391068,9.28165,13.391068,0.0
doc_0961,13.957841,13.00932,13.957841,13.00932,0.0
doc_0962,9.060872,12.655785,9.060872,12.655785,0.0
doc_0963,12.162846,13.199183,12.162846,13.199183,0.0
doc_0964,12.740574,9.108033,12.740574,9.108033,0.0
doc_0965,12.373542,9.009061,12.373542,9.009061,0.0
doc_0966,8.6472845,12.4906845,8.6472845,12.4906845,0.0
doc_0967,12.742513,8.659169,12.742513,8.659169,0.0
doc_0968,12.943349,9.2422495,12.943349,9.2422495,0.0
doc_0969,12.497703,8.54533,12.497703,8.54533,0.0
doc_0970,12.577425,9.506839,12.577425,9.506839,0.0
doc_0971,12.144808,8.386859,12.144808,8.386859,0.0
doc_0972,13.350152,13.318021,13.350152,13.318021,0.0
doc_0973,12.762286,9.0514965,12.762286,9.0514965,0.0
doc_0974,13.224511,11.161735,13.224511,11.161735,0.0
doc_0975,13.182491,10.512602,13.182491,10.512602,0.0
doc_0976,13.217588,10.543005,13.217588,10.543005,0.0
doc_0977,13.153499,10.593193,13.153499,10.593193,0.0
doc_0978,13.036056,10.545242,13.036056,10.545242,0.0
doc_0979,11.471621,14.358713,11.471621,14.358713,0.0
doc_0980,11.214532,11.238031,11.214532,11.238031,0.0
doc_0981,11.319689,11.263739,11.319689,11.263739,0.0
doc_0982,10.880062,13.992692,10.880062,13.992692,0.0
doc_0983,11.519329,12.18754,11.519329,12.18754,0.0
doc_0984,10.343002,13.436976,10.343002,13.436976,0.0
doc_0985,11.341203,12.09387,11.341203,12.09387,0.0
doc_0986,11.425611,11.660211,11.425611,11.660211,0.0
doc_0987,9.529035,10.812104,9.529035,10.812104,0.0
doc_0988,11.080229,10.339437,11.080229,10.339437,0.0
doc_0989,11.042145,10.279459,11.042145,10.279459,0.0
doc_0990,10.803731,11.87084,10.803731,11.87084,0.0
doc_0991,11.4792595,13.853897,11.4792595,13.853897,0.0
doc_0992,12.487218,14.875663,12.487218,14.875663,0.0
doc_0993,12.888549,14.117418,12.888549,14.117418,0.0
doc_0994,13.167785,11.999354,13.167785,11.999354,0.0
doc_0995,12.362243,12.071537,12.362243,12.071537,0.0
doc_0996,9.45459,13.850925,9.45459,13.850925,0.0
doc_0997,9.702711,10.032891,9.702711,10.032891,0.0
doc_0998,11.666367,12.471606,11.666367,12.471606,0.0
doc_0999,11.20127,12.62157,11.20127,12.62157,0.0
doc_1000,11.118572,12.669247,11.118572,12.669247,0.0
doc_1001,11.296985,13.899847,11.296985,13.899847,0.0
doc_1002,10.525016,13.090865,10.525016,13.090865,0.0
doc_1003,9.6390915,12.361847,9.6390915,12.361847,0.0
doc_1004,9.622507,12.130439,9.622507,12.130439,0.0
doc_1005,8.856989,12.320016,8.856989,12.320016,0.0
doc_1006,9.395599,14.042336,9.395599,14.042336,0.0
doc_1007,11.415032,10.354807,11.415032,10.354807,0.0
doc_1008,11.610372,11.573429,11.610372,11.573429,0.0
doc_1009,11.16318,13.757637,11.16318,13.757637,0.0
doc_1010,10.395504,12.940546,10.395504,12.940546,0.0
doc_1011,12.115937,13.547355,12.115937,13.547355,0.0
doc_1012,8.801635,12.492222,8.801635,12.492222,0.0
doc_1013,9.988389,12.694399,9.988389,12.694399,0.0
doc_1014,12.288688,14.434504,12.288688,14.434504,0.0
doc_1015,10.993198,9.8462515,10.993198,9.8462515,0.0
doc_1016,11.5364,12.340954,11.5364,12.340954,0.0
doc_1017,11.594124,11.782162,11.594124,11.782162,0.0
doc_1018,13.022792,13.114784,13.022792,13.114784,0.0
doc_1019,10.320342,11.057672,10.320342,11.057672,0.0
doc_1020,10.465479,12.4696,10.465479,12.4696,0.0
doc_1021,13.599878,12.496513,13.599878,12.496513,0.0
doc_1022,10.853387,12.980939,10.853387,12.980939,0.0
doc_1023,11.573129,12.423159,11.573129,12.423159,0.0
doc_1024,10.318388,13.797863,10.318388,13.797863,0.0
doc_1025,10.996051,12.326177,10.996051,12.326177,0.0
doc_1026,11.503386,11.885505,11.503386,11.885505,0.0
doc_1027,11.399287,11.931691,11.399287,11.931691,0.0
doc_1028,12.189106,14.766506,12.189106,14.766506,0.0
doc_1029,11.825433,11.987637,11.825433,11.987637,0.0
doc_1030,11.257626,12.100984,11.257626,12.100984,0.0
doc_1031,11.480053,13.636,11.480053,13.636,0.0
doc_1032,12.654116,10.619598,12.654116,10.619598,0.0
doc_1033,14.258074,12.466221,14.258074,12.466221,0.0
doc_1034,14.097093,12.516237,14.097093,12.516237,0.0
doc_1035,11.559889,15.557951,11.559889,15.557951,0.0
doc_1036,12.963508,12.612695,12.963508,12.612695,0.0
doc_1037,13.099296,12.720969,13.099296,12.720969,0.0
doc_1038,10.44138,12.500692,10.44138,12.500692,0.0
doc_1039,13.168344,14.702403,13.168344,14.702403,0.0
doc_1040,13.043084,14.612812,13.043084,14.612812,0.0
doc_1041,12.035707,12.005537,12.035707,12.005537,0.0
doc_1042,14.230929,11.331192,14.230929,11.331192,0.0
doc_1043,13.330691,14.698896,13.330691,14.698896,0.0
doc_1044,12.975917,14.683259,12.975917,14.683259,0.0
doc_1045,12.511033,15.083281,12.511033,15.083281,0.0
doc_1046,12.693564,14.971539,12.693564,14.971539,0.0
doc_1047,12.641641,14.562379,12.641641,14.562379,0.0
doc_1048,13.255817,15.659978,13.255817,15.659978,0.0
doc_1049,13.158404,15.5597315,13.158404,15.5597315,0.0
doc_1050,13.288079,14.8822,13.288079,14.8822,0.0
doc_1051,13.474862,14.613837,13.474862,14.613837,0.0
doc_1052,13.144157,13.614686,13.144157,13.614686,0.0
doc_1053,10.720942,15.059008,10.720942,15.059008,0.0
doc_1054,13.231165,12.468714,13.231165,12.468714,0.0
doc_1055,13.342337,14.678399,13.342337,14.678399,0.0
doc_1056,12.563315,15.088752,12.563315,15.088752,0.0
doc_1057,13.486255,14.526622,13.486255,14.526622,0.0
doc_1058,13.090303,14.255586,13.090303,14.255586,0.0
doc_1059,12.919648,13.908081,12.919648,13.908081,0.0
doc_1060,13.4271555,14.267595,13.4271555,14.267595,0.0
doc_1061,10.665434,13.140438,10.665434,13.140438,0.0
doc_1062,12.789719,13.928465,12.789719,13.928465,0.0
doc_1063,12.953291,14.208263,12.953291,14.208263,0.0
doc_1064,12.442488,13.005026,12.442488,13.005026,0.0
doc_1065,12.44894,13.246232,12.44894,13.246232,0.0
doc_1066,13.239052,15.461474,13.239052,15.461474,0.0
doc_1067,11.688947,13.286044,11.688947,13.286044,0.0
doc_1068,13.470095,14.354032,13.470095,14.354032,0.0
doc_1069,13.0118475,14.803863,13.0118475,14.803863,0.0
doc_1070,13.415546,14.380754,13.415546,14.380754,0.0
doc_1071,13.023948,14.563862,13.023948,14.563862,0.0
doc_1072,12.1769705,13.188223,12.1769705,13.188223,0.0
doc_1073,13.498723,14.593949,13.498723,14.593949,0.0
doc_1074,10.885953,11.834467,10.885953,11.834467,0.0
doc_1075,12.771763,14.873421,12.771763,14.873421,0.0
doc_1076,11.000844,13.520852,11.000844,13.520852,0.0
doc_1077,12.962726,14.845681,12.962726,14.845681,0.0
doc_1078,11.2257185,13.725187,11.2257185,13.725187,0.0
doc_1079,13.424316,14.613634,13.424316,14.613634,0.0
doc_1080,11.952323,13.801645,11.952323,13.801645,0.0
doc_1081,12.430575,13.606548,12.430575,13.606548,0.0
doc_1082,15.193934,13.979144,15.193934,13.979144,0.0
doc_1083,13.327823,14.705331,13.327823,14.705331,0.0
doc_1084,14.294291,12.256803,14.294291,12.256803,0.0
doc_1085,11.858181,12.204498,11.858181,12.204498,0.0
doc_1086,11.098463,12.982297,11.098463,12.982297,0.0
doc_1087,10.128277,12.746366,10.128277,12.746366,0.0
doc_1088,12.627009,14.090884,12.627009,14.090884,0.0
doc_1089,11.02003,13.07429,11.02003,13.07429,0.0
doc_1090,12.228279,12.931052,12.228279,12.931052,0.0
doc_1091,12.728682,10.61411,12.728682,10.61411,0.0
doc_1092,10.478138,12.679042,10.478138,12.679042,0.0
doc_1093,14.358771,12.435011,14.358771,12.435011,0.0
doc_1094,14.1548395,11.089663,14.1548395,11.089663,0.0
doc_1095,14.166807,11.141373,14.166807,11.141373,0.0
doc_1096,10.937848,12.386571,10.937848,12.386571,0.0
doc_1097,14.155164,11.294874,14.155164,11.294874,0.0
doc_1098,12.879125,13.071569,12.879125,13.071569,0.0
doc_1099,10.005122,12.588127,10.005122,12.588127,0.0
doc_1100,12.106835,12.78528,12.106835,12.78528,0.0
doc_1101,11.912576,12.458208,11.912576,12.458208,0.0
doc_1102,10.822884,12.464784,10.822884,12.464784,0.0
doc_1103,10.946808,12.36328,10.946808,12.36328,0.0
doc_1104,10.934642,12.406448,10.934642,12.406448,0.0
doc_1105,11.422802,12.480879,11.422802,12.480879,0.0
doc_1106,10.673826,13.673026,10.673826,13.673026,0.0
doc_1107,12.372079,13.078685,12.372079,13.078685,0.0
doc_1108,12.679188,10.59283,12.679188,10.59283,0.0
doc_1109,11.877718,14.058193,11.877718,14.058193,0.0
doc_1110,11.658389,13.397271,11.658389,13.397271,0.0
doc_1111,11.987036,13.318415,11.987036,13.318415,0.0
doc_1112,11.838169,14.043462,11.838169,14.043462,0.0
doc_1113,12.974491,14.332796,12.974491,14.332796,0.0
doc_1114,12.477976,10.6502,12.477976,10.6502,0.0
doc_1115,12.337742,12.994055,12.337742,12.994055,0.0
doc_1116,12.352315,12.506415,12.352315,12.506415,0.0
doc_1117,11.49412,13.119528,11.49412,13.119528,0.0
doc_1118,11.541516,13.570617,11.541516,13.570617,0.0
doc_1119,11.949735,13.162796,11.949735,13.162796,0.0
doc_1120,11.508565,14.131707,11.508565,14.131707,0.0
doc_1121,12.256432,12.696887,12.256432,12.696887,0.0
doc_1122,12.108966,12.583729,12.108966,12.583729,0.0
doc_1123,10.100219,11.046301,10.100219,11.046301,0.0
doc_1124,12.176835,12.791485,12.176835,12.791485,0.0
doc_1125,9.65885,11.922182,9.65885,11.922182,0.0
doc_1126,8.623268,12.50668,8.623268,12.50668,0.0
doc_1127,11.013052,10.807635,11.013052,10.807635,0.0
doc_1128,11.114666,10.887724,11.114666,10.887724,0.0
doc_1129,10.576633,10.55001,10.576633,10.55001,0.0
doc_1130,9.805647,10.203596,9.805647,10.203596,0.0
doc_1131,11.4214945,11.773704,11.4214945,11.773704,0.0
doc_1132,9.679492,13.617584,9.679492,13.617584,0.0
doc_1133,9.150339,10.346453,9.150339,10.346453,0.0
doc_1134,10.347109,9.925827,10.347109,9.925827,0.0
doc_1135,10.263822,12.2360735,10.263822,12.2360735,0.0
doc_1136,11.306615,11.554575,11.306615,11.554575,0.0
doc_1137,10.364965,9.748848,10.364965,9.748848,0.0
doc_1138,10.556862,10.086616,10.556862,10.086616,0.0
doc_1139,10.022721,9.667985,10.022721,9.667985,0.0
doc_1140,10.356295,9.66729,10.356295,9.66729,0.0
doc_1141,11.33132,11.959246,11.33132,11.959246,0.0
doc_1142,7.7599444,10.5931835,7.7599444,10.5931835,0.0
doc_1143,9.969704,12.350839,9.969704,12.350839,0.0
doc_1144,11.674758,11.846253,11.674758,11.846253,0.0
doc_1145,11.483073,11.883972,11.483073,11.883972,0.0
doc_1146,12.752229,8.981698,12.752229,8.981698,0.0
doc_1147,10.998108,8.964713,10.998108,8.964713,0.0
doc_1148,11.063841,8.91042,11.063841,8.91042,0.0
doc_1149,10.964533,10.585888,10.964533,10.585888,0.0
doc_1150,11.017841,11.559714,11.017841,11.559714,0.0
doc_1151,13.843464,12.554784,13.843464,12.554784,0.0
doc_1152,9.24655,15.764001,9.24655,15.764001,0.0
doc_1153,11.106545,11.903473,11.106545,11.903473,0.0
doc_1154,11.496748,11.940932,11.496748,11.940932,0.0
doc_1155,11.814302,12.743318,11.814302,12.743318,0.0
doc_1156,10.633522,12.661208,10.633522,12.661208,0.0
doc_1157,4.9701724,13.411491,4.9701724,13.411491,0.0
doc_1158,9.213734,15.745347,9.213734,15.745347,0.0
doc_1159,9.8954315,13.152543,9.8954315,13.152543,0.0
doc_1160,10.19624,13.241625,10.19624,13.241625,0.0
doc_1161,9.219773,11.757841,9.219773,11.757841,0.0
doc_1162,13.613878,13.358993,13.613878,13.358993,0.0
doc_1163,7.730605,10.646154,7.730605,10.646154,0.0
doc_1164,12.696849,11.255182,12.696849,11.255182,0.0
doc_1165,12.530558,12.6581545,12.530558,12.6581545,0.0
doc_1166,12.6441345,11.263749,12.6441345,11.263749,0.0
doc_1167,11.671911,11.846311,11.671911,11.846311,0.0
doc_1168,10.635863,12.160903,10.635863,12.160903,0.0
doc_1169,11.056984,12.442596,11.056984,12.442596,0.0
doc_1170,12.534146,9.898031,12.534146,9.898031,0.0
doc_1171,11.522885,11.320885,11.522885,11.320885,0.0
doc_1172,4.809994,13.513743,4.809994,13.513743,0.0
doc_1173,9.519176,11.68239,9.519176,11.68239,0.0
doc_1174,10.473588,12.726635,10.473588,12.726635,0.0
doc_1175,10.451565,12.709076,10.451565,12.709076,0.0
doc_1176,11.132727,12.644828,11.132727,12.644828,0.0
doc_1177,10.4700775,11.814513,10.4700775,11.814513,0.0
doc_1178,12.552959,11.173147,12.552959,11.173147,0.0
doc_1179,12.506915,11.175538,12.506915,11.175538,0.0
doc_1180,10.48496,12.699131,10.48496,12.699131,0.0
doc_1181,11.139983,10.864409,11.139983,10.864409,0.0
doc_1182,11.245544,11.124742,11.245544,11.124742,0.0
doc_1183,10.775456,10.385151,10.775456,10.385151,0.0
doc_1184,11.357065,11.000178,11.357065,11.000178,0.0
doc_1185,11.59048,11.094637,11.59048,11.094637,0.0
doc_1186,11.443268,11.538265,11.443268,11.538265,0.0
doc_1187,8.613957,15.108684,8.613957,15.108684,0.0
doc_1188,11.40418,11.807616,11.40418,11.807616,0.0
doc_1189,12.202846,11.646624,12.202846,11.646624,0.0
doc_1190,10.493216,9.85835,10.493216,9.85835,0.0
doc_1191,11.080538,12.673699,11.080538,12.673699,0.0
doc_1192,11.237342,12.814396,11.237342,12.814396,0.0
doc_1193,9.585689,15.5553,9.585689,15.5553,0.0
doc_1194,5.0050254,13.457496,5.0050254,13.457496,0.0
doc_1195,11.081908,8.939051,11.081908,8.939051,0.0
doc_1196,4.6893883,13.596951,4.6893883,13.596951,0.0
doc_1197,13.450107,10.465726,13.450107,10.465726,0.0
doc_1198,12.869806,8.822643,12.869806,8.822643,0.0
doc_1199,13.337764,11.052832,13.337764,11.052832,0.0
doc_1200,9.15401,13.590679,9.15401,13.590679,0.0
doc_1201,12.405741,9.753595,12.405741,9.753595,0.0
doc_1202,12.0624075,11.664234,12.0624075,11.664234,0.0
doc_1203,13.847705,10.71324,13.847705,10.71324,0.0
doc_1204,11.069166,12.649411,11.069166,12.649411,0.0
doc_1205,11.767591,11.681167,11.767591,11.681167,0.0
doc_1206,11.49062,10.445162,11.49062,10.445162,0.0
doc_1207,10.88622,9.042009,10.88622,9.042009,0.0
doc_1208,9.783845,11.295177,9.783845,11.295177,0.0
doc_1209,10.733784,10.378104,10.733784,10.378104,0.0
doc_1210,9.442473,9.547709,9.442473,9.547709,0.0
doc_1211,12.46175,9.685532,12.46175,9.685532,0.0
doc_1212,12.428935,8.426586,12.428935,8.426586,0.0
doc_1213,11.232817,8.820598,11.232817,8.820598,0.0
doc_1214,12.1595545,9.3735075,12.1595545,9.3735075,0.0
doc_1215,12.7627,8.878253,12.7627,8.878253,0.0
doc_1216,12.399042,9.639555,12.399042,9.639555,0.0
doc_1217,12.567556,9.253268,12.567556,9.253268,0.0
doc_1218,10.498084,9.889665,10.498084,9.889665,0.0
doc_1219,10.975861,11.564519,10.975861,11.564519,0.0
doc_1220,9.74241,11.276766,9.74241,11.276766,0.0
doc_1221,9.777751,11.310959,9.777751,11.310959,0.0
doc_1222,9.692663,11.273512,9.692663,11.273512,0.0
doc_1223,9.907025,11.386295,9.907025,11.386295,0.0
doc_1224,11.148911,12.385936,11.148911,12.385936,0.0
doc_1225,8.577282,15.140299,8.577282,15.140299,0.0
doc_1226,12.132053,11.817123,12.132053,11.817123,0.0
doc_1227,13.330492,10.806957,13.330492,10.806957,0.0
doc_1228,11.914789,11.32104,11.914789,11.32104,0.0
doc_1229,13.410012,10.57068,13.410012,10.57068,0.0
doc_1230,12.439137,10.092831,12.439137,10.092831,0.0
doc_1231,11.761914,9.894062,11.761914,9.894062,0.0
doc_1232,12.59106,10.6061,12.59106,10.6061,0.0
doc_1233,12.53381,9.517516,12.53381,9.517516,0.0
doc_1234,12.437293,9.311948,12.437293,9.311948,0.0
doc_1235,11.992376,11.837926,11.992376,11.837926,0.0
doc_1236,9.587435,11.81328,9.587435,11.81328,0.0
doc_1237,13.043178,12.72328,13.043178,12.72328,0.0
doc_1238,11.041258,12.702812,11.041258,12.702812,0.0
doc_1239,9.448925,11.819342,9.448925,11.819342,0.0
doc_1240,11.733657,10.645709,11.733657,10.645709,0.0
doc_1241,11.7570715,11.605781,11.7570715,11.605781,0.0
doc_1242,10.966163,11.617751,10.966163,11.617751,0.0
doc_1243,10.409253,9.785991,10.409253,9.785991,0.0
doc_1244,10.79421,10.501211,10.79421,10.501211,0.0
doc_1245,12.427246,9.884614,12.427246,9.884614,0.0
doc_1246,9.449465,9.5571375,9.449465,9.5571375,0.0
doc_1247,11.903219,9.624984,11.903219,9.624984,0.0
doc_1248,9.779035,10.060619,9.779035,10.060619,0.0
doc_1249,11.890136,9.593806,11.890136,9.593806,0.0
doc_1250,9.755618,11.289906,9.755618,11.289906,0.0
doc_1251,9.719022,11.322263,9.719022,11.322263,0.0
doc_1252,11.685049,10.184364,11.685049,10.184364,0.0
doc_1253,11.089494,11.617886,11.089494,11.617886,0.0
doc_1254,10.495672,12.402755,10.495672,12.402755,0.0
doc_1255,9.920763,11.36333,9.920763,11.36333,0.0
doc_1256,10.566802,11.946912,10.566802,11.946912,0.0
doc_1257,8.568221,15.154871,8.568221,15.154871,0.0
doc_1258,10.507464,11.435972,10.507464,11.435972,0.0
doc_1259,11.952441,10.882081,11.952441,10.882081,0.0
doc_1260,12.191581,11.661042,12.191581,11.661042,0.0
doc_1261,13.379192,10.570613,13.379192,10.570613,0.0
doc_1262,13.100184,10.351822,13.100184,10.351822,0.0
doc_1263,12.946566,10.588644,12.946566,10.588644,0.0
doc_1264,9.7934475,10.194675,9.7934475,10.194675,0.0
doc_1265,12.193781,11.603416,12.193781,11.603416,0.0
doc_1266,10.57319,10.548375,10.57319,10.548375,0.0
doc_1267,10.782268,10.481485,10.782268,10.481485,0.0
doc_1268,9.362396,9.441244,9.362396,9.441244,0.0
doc_1269,9.389759,9.474571,9.389759,9.474571,0.0
doc_1270,15.561398,12.08485,15.561398,12.08485,0.0
doc_1271,15.534522,12.078115,15.534522,12.078115,0.0
doc_1272,15.588646,12.101665,15.588646,12.101665,0.0
doc_1273,9.091194,10.350964,9.091194,10.350964,0.0
doc_1274,9.083248,10.351266,9.083248,10.351266,0.0
doc_1275,9.472392,10.312478,9.472392,10.312478,0.0
doc_1276,9.925617,9.923091,9.925617,9.923091,0.0
doc_1277,9.686474,9.77861,9.686474,9.77861,0.0
doc_1278,12.743212,11.013899,12.743212,11.013899,0.0
doc_1279,10.417088,9.691598,10.417088,9.691598,0.0
doc_1280,14.910177,9.844253,14.910177,9.844253,0.0
doc_1281,10.600409,9.239858,10.600409,9.239858,0.0
doc_1282,10.912743,8.94957,10.912743,8.94957,0.0
doc_1283,7.7862077,10.607939,7.7862077,10.607939,0.0
doc_1284,7.7783904,10.620918,7.7783904,10.620918,0.0
doc_1285,10.621485,10.481836,10.621485,10.481836,0.0
doc_1286,9.364808,9.448385,9.364808,9.448385,0.0
doc_1287,15.569205,12.073193,15.569205,12.073193,0.0
doc_1288,9.600461,9.638168,9.600461,9.638168,0.0
doc_1289,9.646101,11.870837,9.646101,11.870837,0.0
doc_1290,10.431058,9.797517,10.431058,9.797517,0.0
doc_1291,11.867404,12.022278,11.867404,12.022278,0.0
doc_1292,11.701469,11.590459,11.701469,11.590459,0.0
doc_1293,8.562492,15.208603,8.562492,15.208603,0.0
doc_1294,14.944609,9.991564,14.944609,9.991564,0.0
doc_1295,10.4566555,11.101202,10.4566555,11.101202,0.0
doc_1296,11.294073,11.856185,11.294073,11.856185,0.0
doc_1297,12.33416,11.676843,12.33416,11.676843,0.0
doc_1298,11.7626,10.62436,11.7626,10.62436,0.0
doc_1299,10.102716,12.6624365,10.102716,12.6624365,0.0
doc_1300,11.598523,11.219761,11.598523,11.219761,0.0
doc_1301,10.612311,10.5530815,10.612311,10.5530815,0.0
doc_1302,10.150885,12.474852,10.150885,12.474852,0.0
doc_1303,10.680728,12.116339,10.680728,12.116339,0.0
doc_1304,7.805175,10.607158,7.805175,10.607158,0.0
doc_1305,15.180906,10.115747,15.180906,10.115747,0.0
doc_1306,10.619848,9.18768,10.619848,9.18768,0.0
doc_1307,15.104364,10.069367,15.104364,10.069367,0.0
doc_1308,10.843914,8.9029875,10.843914,8.9029875,0.0
doc_1309,10.398134,9.849011,10.398134,9.849011,0.0
doc_1310,15.116672,10.091829,15.116672,10.091829,0.0
doc_1311,12.251072,11.007448,12.251072,11.007448,0.0
doc_1312,10.061406,10.577795,10.061406,10.577795,0.0
doc_1313,14.891877,9.960945,14.891877,9.960945,0.0
doc_1314,10.603524,9.252074,10.603524,9.252074,0.0
doc_1315,11.330257,11.76866,11.330257,11.76866,0.0
doc_1316,14.817517,9.8978195,14.817517,9.8978195,0.0
doc_1317,10.985436,9.631536,10.985436,9.631536,0.0
doc_1318,10.9686985,10.8242855,10.9686985,10.8242855,0.0
doc_1319,9.764036,11.273075,9.764036,11.273075,0.0
doc_1320,9.734455,11.270549,9.734455,11.270549,0.0
doc_1321,9.793802,11.354036,9.793802,11.354036,0.0
doc_1322,10.164038,12.013828,10.164038,12.013828,0.0
doc_1323,9.871367,12.645695,9.871367,12.645695,0.0
doc_1324,9.905784,11.42888,9.905784,11.42888,0.0
doc_1325,10.641733,11.240347,10.641733,11.240347,0.0
doc_1326,8.764343,15.604552,8.764343,15.604552,0.0
doc_1327,10.178308,10.9165125,10.178308,10.9165125,0.0
doc_1328,9.067748,10.33728,9.067748,10.33728,0.0
doc_1329,10.484262,10.896166,10.484262,10.896166,0.0
doc_1330,11.173077,11.243123,11.173077,11.243123,0.0
doc_1331,15.591993,12.065682,15.591993,12.065682,0.0
doc_1332,9.985354,12.575281,9.985354,12.575281,0.0
doc_1333,10.341777,9.717262,10.341777,9.717262,0.0
doc_1334,10.767289,10.413507,10.767289,10.413507,0.0
doc_1335,10.387169,11.518734,10.387169,11.518734,0.0
doc_1336,10.157851,10.303925,10.157851,10.303925,0.0
doc_1337,9.7744255,9.715572,9.7744255,9.715572,0.0
doc_1338,7.8200545,10.632172,7.8200545,10.632172,0.0
doc_1339,9.081918,10.361382,9.081918,10.361382,0.0
doc_1340,9.122792,10.367311,9.122792,10.367311,0.0
doc_1341,10.443853,11.334457,10.443853,11.334457,0.0
doc_1342,9.671793,10.692918,9.671793,10.692918,0.0
doc_1343,9.102015,10.355824,9.102015,10.355824,0.0
doc_1344,10.127685,10.858601,10.127685,10.858601,0.0
doc_1345,10.354905,9.69155,10.354905,9.69155,0.0
doc_1346,10.374795,9.636647,10.374795,9.636647,0.0
doc_1347,14.447624,8.844229,14.447624,8.844229,0.0
doc_1348,7.7833314,10.622697,7.7833314,10.622697,0.0
doc_1349,10.373963,10.846871,10.373963,10.846871,0.0
doc_1350,10.236484,9.740807,10.236484,9.740807,0.0
doc_1351,10.326099,9.689204,10.326099,9.689204,0.0
doc_1352,7.7713084,10.619066,7.7713084,10.619066,0.0
doc_1353,14.44245,8.844359,14.44245,8.844359,0.0
doc_1354,8.946404,11.676011,8.946404,11.676011,0.0
doc_1355,8.03587,10.669752,8.03587,10.669752,0.0
doc_1356,7.7787833,10.609052,7.7787833,10.609052,0.0
doc_1357,8.200294,10.813274,8.200294,10.813274,0.0
doc_1358,9.380054,12.33243,9.380054,12.33243,0.0
doc_1359,10.572452,11.166574,10.572452,11.166574,0.0
doc_1360,7.7605057,10.572627,7.7605057,10.572627,0.0
doc_1361,9.870634,10.688183,9.870634,10.688183,0.0
doc_1362,14.416333,8.850793,14.416333,8.850793,0.0
doc_1363,11.575881,11.092097,11.575881,11.092097,0.0
doc_1364,11.613282,11.116085,11.613282,11.116085,0.0
doc_1365,9.863197,10.488707,9.863197,10.488707,0.0
doc_1366,10.049532,10.766748,10.049532,10.766748,0.0
doc_1367,10.407099,9.732673,10.407099,9.732673,0.0
doc_1368,11.933782,11.577217,11.933782,11.577217,0.0
doc_1369,10.355963,9.652729,10.355963,9.652729,0.0
doc_1370,12.540636,8.491766,12.540636,8.491766,0.0
doc_1371,11.778947,11.220026,11.778947,11.220026,0.0
doc_1372,12.706526,8.527921,12.706526,8.527921,0.0
doc_1373,9.332047,9.400364,9.332047,9.400364,0.0
doc_1374,12.245199,10.115578,12.245199,10.115578,0.0
doc_1375,10.7599325,10.437318,10.7599325,10.437318,0.0
doc_1376,10.939951,11.000801,10.939951,11.000801,0.0
doc_1377,10.536601,10.536486,10.536601,10.536486,0.0
doc_1378,11.512583,11.919263,11.512583,11.919263,0.0
doc_1379,10.405177,9.7463045,10.405177,9.7463045,0.0
doc_1380,4.7434855,13.550582,4.7434855,13.550582,0.0
doc_1381,15.131972,9.984589,15.131972,9.984589,0.0
doc_1382,9.629425,9.633282,9.629425,9.633282,0.0
doc_1383,9.04463,10.386513,9.04463,10.386513,0.0
doc_1384,11.100483,12.240483,11.100483,12.240483,0.0
doc_1385,9.4489355,9.508093,9.4489355,9.508093,0.0
doc_1386,15.14332,10.009664,15.14332,10.009664,0.0
doc_1387,10.830077,9.071902,10.830077,9.071902,0.0
doc_1388,11.556597,11.139959,11.556597,11.139959,0.0
doc_1389,9.906441,10.856352,9.906441,10.856352,0.0
doc_1390,9.954595,11.300842,9.954595,11.300842,0.0
doc_1391,15.170158,9.961068,15.170158,9.961068,0.0
doc_1392,9.881468,11.199758,9.881468,11.199758,0.0
doc_1393,9.394526,9.460068,9.394526,9.460068,0.0
doc_1394,9.098484,10.34572,9.098484,10.34572,0.0
doc_1395,13.285956,10.745539,13.285956,10.745539,0.0
doc_1396,12.844294,9.064905,12.844294,9.064905,0.0
doc_1397,7.855659,10.512084,7.855659,10.512084,0.0
doc_1398,8.026112,10.368751,8.026112,10.368751,0.0
doc_1399,12.821305,9.32863,12.821305,9.32863,0.0
doc_1400,10.646664,11.145377,10.646664,11.145377,0.0
doc_1401,13.723923,12.526844,13.723923,12.526844,0.0
doc_1402,12.903317,9.514216,12.903317,9.514216,0.0
doc_1403,10.525483,11.385661,10.525483,11.385661,0.0
doc_1404,14.751064,9.931695,14.751064,9.931695,0.0
doc_1405,15.115876,9.981856,15.115876,9.981856,0.0
doc_1406,12.634896,11.320211,12.634896,11.320211,0.0
doc_1407,7.790605,10.613046,7.790605,10.613046,0.0
doc_1408,15.069994,10.079638,15.069994,10.079638,0.0
doc_1409,9.7272625,11.25574,9.7272625,11.25574,0.0
doc_1410,15.055224,10.038975,15.055224,10.038975,0.0
doc_1411,14.991317,9.903669,14.991317,9.903669,0.0
doc_1412,10.907064,11.169785,10.907064,11.169785,0.0
doc_1413,15.139198,10.056131,15.139198,10.056131,0.0
doc_1414,12.197445,11.904096,12.197445,11.904096,0.0
doc_1415,9.293808,15.771213,9.293808,15.771213,0.0
doc_1416,11.547959,11.1860285,11.547959,11.1860285,0.0
doc_1417,10.905699,11.249607,10.905699,11.249607,0.0
doc_1418,10.860338,11.188044,10.860338,11.188044,0.0
doc_1419,9.323714,9.438246,9.323714,9.438246,0.0
doc_1420,12.043914,10.9875555,12.043914,10.9875555,0.0
doc_1421,9.340674,9.418499,9.340674,9.418499,0.0
doc_1422,12.354968,9.076205,12.354968,9.076205,0.0
doc_1423,12.227265,8.735782,12.227265,8.735782,0.0
doc_1424,12.190716,8.7570715,12.190716,8.7570715,0.0
doc_1425,12.670874,10.1657095,12.670874,10.1657095,0.0
doc_1426,14.880162,9.953959,14.880162,9.953959,0.0
doc_1427,12.793145,8.882617,12.793145,8.882617,0.0
doc_1428,12.355347,9.387207,12.355347,9.387207,0.0
doc_1429,12.85301,9.5892,12.85301,9.5892,0.0
doc_1430,12.807692,8.957603,12.807692,8.957603,0.0
doc_1431,15.556058,12.097159,15.556058,12.097159,0.0
doc_1432,15.458648,12.013943,15.458648,12.013943,0.0
doc_1433,8.087535,10.307689,8.087535,10.307689,0.0
doc_1434,15.469135,12.013975,15.469135,12.013975,0.0
doc_1435,12.607465,9.579688,12.607465,9.579688,0.0
doc_1436,15.481815,12.022812,15.481815,12.022812,0.0
doc_1437,12.08839,8.975997,12.08839,8.975997,0.0
doc_1438,15.3726845,12.068088,15.3726845,12.068088,0.0
doc_1439,12.871442,9.563074,12.871442,9.563074,0.0
doc_1440,15.434273,11.985597,15.434273,11.985597,0.0
doc_1441,15.13729,10.019451,15.13729,10.019451,0.0
doc_1442,12.70285,9.584369,12.70285,9.584369,0.0
doc_1443,14.452965,8.859067,14.452965,8.859067,0.0
doc_1444,11.918425,8.901421,11.918425,8.901421,0.0
doc_1445,14.407145,8.8524885,14.407145,8.8524885,0.0
doc_1446,12.732017,9.089416,12.732017,9.089416,0.0
doc_1447,9.767174,11.219642,9.767174,11.219642,0.0
doc_1448,15.134272,10.00801,15.134272,10.00801,0.0
doc_1449,12.933571,9.526451,12.933571,9.526451,0.0
doc_1450,12.065617,9.800361,12.065617,9.800361,0.0
doc_1451,12.111178,12.061436,12.111178,12.061436,0.0
doc_1452,12.734834,8.857732,12.734834,8.857732,0.0
doc_1453,12.903788,9.458294,12.903788,9.458294,0.0
doc_1454,12.751588,9.567047,12.751588,9.567047,0.0
doc_1455,12.815915,9.382975,12.815915,9.382975,0.0
doc_1456,12.847964,9.3276005,12.847964,9.3276005,0.0
doc_1457,14.441907,8.840457,14.441907,8.840457,0.0
doc_1458,8.608602,12.496304,8.608602,12.496304,0.0
doc_1459,10.96105,9.003254,10.96105,9.003254,0.0
doc_1460,10.417469,11.899056,10.417469,11.899056,0.0
doc_1461,12.451695,8.442567,12.451695,8.442567,0.0
doc_1462,12.462683,8.594881,12.462683,8.594881,0.0
doc_1463,14.459636,8.863525,14.459636,8.863525,0.0
doc_1464,9.110518,10.290801,9.110518,10.290801,0.0
doc_1465,10.40762,9.699433,10.40762,9.699433,0.0
doc_1466,10.403942,9.754789,10.403942,9.754789,0.0
doc_1467,4.754825,13.550688,4.754825,13.550688,0.0
doc_1468,14.423994,8.85756,14.423994,8.85756,0.0
doc_1469,14.470422,8.875458,14.470422,8.875458,0.0
doc_1470,15.079121,13.730025,15.079121,13.730025,0.0
doc_1471,15.550612,12.058434,15.550612,12.058434,0.0
doc_1472,10.734232,12.035273,10.734232,12.035273,0.0
doc_1473,11.819368,12.829621,11.819368,12.829621,0.0
doc_1474,9.285976,15.756852,9.285976,15.756852,0.0
doc_1475,9.039692,15.771632,9.039692,15.771632,0.0
doc_1476,15.296806,14.057466,15.296806,14.057466,0.0
doc_1477,9.917613,12.60894,9.917613,12.60894,0.0
doc_1478,9.982446,11.484396,9.982446,11.484396,0.0
doc_1479,9.872211,11.334508,9.872211,11.334508,0.0
doc_1480,9.914269,11.352577,9.914269,11.352577,0.0
doc_1481,10.379287,9.629646,10.379287,9.629646,0.0
doc_1482,10.432832,10.578056,10.432832,10.578056,0.0
doc_1483,10.549707,11.091029,10.549707,11.091029,0.0
doc_1484,10.371312,11.973064,10.371312,11.973064,0.0
doc_1485,10.236795,13.871857,10.236795,13.871857,0.0
doc_1486,10.802218,10.462928,10.802218,10.462928,0.0
doc_1487,10.256528,11.094171,10.256528,11.094171,0.0
doc_1488,10.416708,10.554018,10.416708,10.554018,0.0
doc_1489,11.176619,11.123275,11.176619,11.123275,0.0
doc_1490,10.435455,9.752801,10.435455,9.752801,0.0
